id,component,pred_delta_theta,true_delta_theta,error,cos_similarity
group_I_intron-IE1-Leo_sp-4.S516_p1,1,0.02351709764163492,0.0216275,0.0018895976416349186,0.9897571510630861
group_I_intron-IE1-Leo_sp-4.S516_p1,2,0.015845461707333593,0.0175175,-0.0016720382926664057,0.9897571510630861
group_I_intron-IE1-Leo_sp-4.S516_p1,3,0.01944690985871459,0.01969625,-0.00024934014128540766,0.9897571510630861
group_I_intron-IE1-Leo_sp-4.S516_p1,4,0.0033521504483961908,0.002951250000000002,0.0004009004483961887,0.9897571510630861
group_I_intron-IE3-Pci.S1199-2,1,0.024109711667376202,0.025937319587628863,-0.0018276079202526607,0.9905322642541281
group_I_intron-IE3-Pci.S1199-2,2,0.01524999705180969,0.015107628865979385,0.00014236818583030462,0.9905322642541281
group_I_intron-IE3-Pci.S1199-2,3,0.019283961100889573,0.02080123711340206,-0.0015172760125124855,0.9905322642541281
group_I_intron-IE3-Pci.S1199-2,4,0.0036555840357234016,0.0003562886597938122,0.0032992953759295894,0.9905322642541281
group_I_intron-IC1-Fsp.L798,1,0.023684828709991407,0.01961267326732673,0.004072155442664677,0.9283848688583592
group_I_intron-IC1-Fsp.L798,2,0.015755466532566174,0.019922376237623763,-0.004166909705057589,0.9283848688583592
group_I_intron-IC1-Fsp.L798,3,0.01949443659805173,0.020703762376237625,-0.0012093257781858949,0.9283848688583592
group_I_intron-IC1-Fsp.L798,4,0.003241676248601771,0.0009687128712871284,0.0022729633773146424,0.9283848688583592
group_I_intron-IC1-Mle.S1506,1,0.023747610454062703,0.020183333333333334,0.0035642771207293686,0.9791891329772964
group_I_intron-IC1-Mle.S1506,2,0.015654295173286224,0.019533333333333337,-0.0038790381600471123,0.9791891329772964
group_I_intron-IC1-Mle.S1506,3,0.01943176158728375,0.02076666666666667,-0.0013349050793829177,0.9791891329772964
group_I_intron-IC1-Mle.S1506,4,0.0033690411586590543,0.0007999999999999984,0.0025690411586590557,0.9791891329772964
group_I_intron-IC1-Pst.L798,1,0.023466883338880043,0.01594097087378641,0.007525912465093633,0.9924760188869247
group_I_intron-IC1-Pst.L798,2,0.01598140554242223,0.022693592233009707,-0.006712186690587478,0.9924760188869247
group_I_intron-IC1-Pst.L798,3,0.019562645074931145,0.020618640776699025,-0.0010559957017678805,0.9924760188869247
group_I_intron-IC1-Pst.L798,4,0.003112719466184367,0.001384077669902915,0.001728641796281452,0.9924760188869247
group_I_intron-IE2-Tpa.S516-1,1,0.024115425331336423,0.021966244343891404,0.0021491809874450186,0.9009011629097379
group_I_intron-IE2-Tpa.S516-1,2,0.015360933522569573,0.018946968325791853,-0.0035860348032222805,0.9009011629097379
group_I_intron-IE2-Tpa.S516-1,3,0.019421505659681947,0.021713303167420813,-0.0022917975077388665,0.9009011629097379
group_I_intron-IE2-Tpa.S516-1,4,0.0033668155309032437,-0.0012999095022624442,0.004666725033165688,0.9009011629097379
group_I_intron-IE-Lin.S1199-3_p1,1,0.023989623036816253,0.025268181818181815,-0.0012785587813655616,0.9815272717294583
group_I_intron-IE-Lin.S1199-3_p1,2,0.015357241144686042,0.015529870129870131,-0.00017262898518408988,0.9815272717294583
group_I_intron-IE-Lin.S1199-3_p1,3,0.019300978014186808,0.020687012987012983,-0.001386034972826175,0.9815272717294583
group_I_intron-IE-Lin.S1199-3_p1,4,0.003627651064652417,0.0006389610389610394,0.0029886900256913774,0.9815272717294583
group_I_intron-IC1-Nsp.L1949,1,0.023490025792144674,0.01661753056234719,0.006872495229797482,0.993854379602107
group_I_intron-IC1-Nsp.L1949,2,0.015945407644828616,0.022154621026894864,-0.006209213382066248,0.993854379602107
group_I_intron-IC1-Nsp.L1949,3,0.019541086769275347,0.020600537897310513,-0.0010594511280351653,0.993854379602107
group_I_intron-IC1-Nsp.L1949,4,0.0031564293036391317,0.0013783863080684604,0.0017780429955706713,0.993854379602107
group_I_intron-IC1-Pla.S943,1,0.023326103839976874,0.018559889502762432,0.004766214337214442,0.9908902266740113
group_I_intron-IC1-Pla.S943,2,0.01606346701842534,0.01989436464088398,-0.00383089762245864,0.9908902266740113
group_I_intron-IC1-Pla.S943,3,0.019530537297331934,0.019698563535911602,-0.0001680262385796681,0.9908902266740113
group_I_intron-IC1-Pla.S943,4,0.003189124773982924,0.0031443093922651952,4.481538171772874e-05,0.9908902266740113
group_I_intron-IC3-Cpa.y.trnL-1_p1,1,0.021445145906547333,0.007828565737051794,0.013616580169495539,0.9360957526950562
group_I_intron-IC3-Cpa.y.trnL-1_p1,2,0.01779284527753618,0.025498167330677293,-0.007705322053141114,0.9360957526950562
group_I_intron-IC3-Cpa.y.trnL-1_p1,3,0.01985621943695221,0.01647418326693227,0.003382036170019937,0.9360957526950562
group_I_intron-IC3-Cpa.y.trnL-1_p1,4,0.002627594993064904,0.010597450199203187,-0.007969855206138281,0.9360957526950562
group_I_intron-IC1-Mfr.S943-2,1,0.023346711362757944,0.012745688073394497,0.010601023289363447,0.9975625808047099
group_I_intron-IC1-Mfr.S943-2,2,0.01615506435489407,0.02542165137614679,-0.009266587021252722,0.9975625808047099
group_I_intron-IC1-Mfr.S943-2,3,0.019658771834919483,0.02092183486238532,-0.001263063027465837,0.9975625808047099
group_I_intron-IC1-Mfr.S943-2,4,0.00291891638724896,0.0009544954128440367,0.001964420974404923,0.9975625808047099
group_I_intron-IE3-Xpo.S1199,1,0.02333195684114384,0.009351075268817203,0.013980881572326636,0.9849504335598643
group_I_intron-IE3-Xpo.S1199,2,0.016219317029132662,0.02838494623655914,-0.01216562920742648,0.9849504335598643
group_I_intron-IE3-Xpo.S1199,3,0.01972176123425248,0.02132150537634409,-0.0015997441420916095,0.9849504335598643
group_I_intron-IE3-Xpo.S1199,4,0.0027877937448806843,0.000335483870967741,0.0024523098739129435,0.9849504335598643
group_I_intron-IC1-Cmi.S1046-1,1,0.024209416782870898,0.025534716981132074,-0.0013253001982611763,0.8543116832833031
group_I_intron-IC1-Cmi.S1046-1,2,0.015206735701810876,0.016063773584905662,-0.0008570378830947863,0.8543116832833031
group_I_intron-IC1-Cmi.S1046-1,3,0.019324415751732243,0.021569622641509432,-0.002245206889777189,0.8543116832833031
group_I_intron-IC1-Cmi.S1046-1,4,0.0035643271797310434,-0.0012288679245282996,0.004793195104259343,0.8543116832833031
group_I_intron-IC1-Pfo.S943,1,0.02359260368024316,0.02539341772151899,-0.0018008140412758278,0.9948731457585958
group_I_intron-IC1-Pfo.S943,2,0.015710483121403454,0.014158987341772155,0.0015514957796312987,0.9948731457585958
group_I_intron-IC1-Pfo.S943,3,0.019355671734205486,0.01916810126582278,0.00018757046838270564,0.9948731457585958
group_I_intron-IC1-Pfo.S943,4,0.0035385848360050694,0.003815696202531646,-0.0002771113665265765,0.9948731457585958
group_I_intron-IE2-Sba.S516,1,0.0244374664773287,0.020412499999999997,0.004024966477328702,0.8084063377028624
group_I_intron-IE2-Sba.S516,2,0.015088800441581385,0.020762500000000003,-0.005673699558418618,0.8084063377028624
group_I_intron-IE2-Sba.S516,3,0.019394308044035063,0.022443749999999995,-0.003049441955964932,0.8084063377028624
group_I_intron-IE2-Sba.S516,4,0.0034030659413891422,-0.0027312499999999967,0.006134315941389139,0.8084063377028624
group_I_intron-IC1-Ceh.S1506-56,1,0.024153804710168803,0.022691606765327697,0.0014621979448411065,0.784000134478636
group_I_intron-IC1-Ceh.S1506-56,2,0.015303870913205784,0.019004566596194504,-0.0037006956829887198,0.784000134478636
group_I_intron-IC1-Ceh.S1506-56,3,0.019388896590516555,0.022451543340380548,-0.0030626467498639925,0.784000134478636
group_I_intron-IC1-Ceh.S1506-56,4,0.003432713296647947,-0.002894630021141647,0.006327343317789594,0.784000134478636
group_I_intron-IE-Mto.S1199_p10,1,0.024041360973067527,0.02431142857142857,-0.0002700675983610436,0.9326094432740429
group_I_intron-IE-Mto.S1199_p10,2,0.015350864917957228,0.01634326530612245,-0.0009924003881652214,0.9326094432740429
group_I_intron-IE-Mto.S1199_p10,3,0.01934113368501133,0.020773673469387754,-0.001432539784376425,0.9326094432740429
group_I_intron-IE-Mto.S1199_p10,4,0.003540115758971895,0.0005189795918367367,0.003021136167135158,0.9326094432740429
group_I_intron-IC1-Mpl.L798-1,1,0.023297036984265912,0.01262516129032258,0.010671875693943332,0.988674067661029
group_I_intron-IC1-Mpl.L798-1,2,0.016202112147480057,0.025470599078341014,-0.009268486930860957,0.988674067661029
group_I_intron-IC1-Mpl.L798-1,3,0.01966901400747167,0.0208689400921659,-0.0011999260846942278,0.988674067661029
group_I_intron-IC1-Mpl.L798-1,4,0.0029006456627680473,0.0010731797235023048,0.0018274659392657426,0.988674067661029
group_I_intron-IC1-Boc.S943-3,1,0.023774363327212885,0.02181363636363636,0.0019607269635765236,0.9674897832471766
group_I_intron-IC1-Boc.S943-3,2,0.015616444679834482,0.0179974025974026,-0.0023809579175681165,0.9674897832471766
group_I_intron-IC1-Boc.S943-3,3,0.019411327112614535,0.020440259740259738,-0.001028932627645203,0.9674897832471766
group_I_intron-IC1-Boc.S943-3,4,0.0034101616459880496,0.0013792207792207788,0.002030940866767271,0.9674897832471766
group_I_intron-IC1-Cli.S943-1,1,0.02390411120224724,0.02179756097560976,0.0021065502266374783,0.9995665672372739
group_I_intron-IC1-Cli.S943-1,2,0.015506761382276238,0.018473170731707313,-0.002966409349431076,0.9995665672372739
group_I_intron-IC1-Cli.S943-1,3,0.019400318142480645,0.020992682926829268,-0.0015923647843486231,0.9995665672372739
group_I_intron-IC1-Cli.S943-1,4,0.0034248741398149526,0.0002219512195121983,0.0032029229203027546,0.9995665672372739
group_I_intron-IE2-Pbr.S516,1,0.023810379786886115,0.021238557457212717,0.0025718223296733976,0.9704148619438634
group_I_intron-IE2-Pbr.S516,2,0.01559252948528046,0.018853887530562347,-0.0032613580452818865,0.9704148619438634
group_I_intron-IE2-Pbr.S516,3,0.019416058804960036,0.020930611246943766,-0.0015145524419837297,0.9704148619438634
group_I_intron-IE2-Pbr.S516,4,0.003397916713026636,0.00038816625916870593,0.00300975045385793,0.9704148619438634
group_I_intron-IC1-Sgr.S943,1,0.024019302960373023,0.02408670886075949,-6.740590038646632e-05,0.9786795546683024
group_I_intron-IC1-Sgr.S943,2,0.01536527044745506,0.016559493670886077,-0.001194223223431018,0.9786795546683024
group_I_intron-IC1-Sgr.S943,3,0.019337948266156126,0.020824050632911394,-0.001486102366755268,0.9786795546683024
group_I_intron-IC1-Sgr.S943,4,0.0035482179606163232,0.0004278481012658221,0.003120369859350501,0.9786795546683024
group_I_intron-IC1-Msc.S788-2,1,0.022637630231784202,0.014047152103559871,0.00859047812822433,0.9902235166124999
group_I_intron-IC1-Msc.S788-2,2,0.01671167707520335,0.022133462783171524,-0.005421785707968172,0.9902235166124999
group_I_intron-IC1-Msc.S788-2,3,0.019667889034389405,0.018202653721682845,0.0014652353127065608,0.9902235166124999
group_I_intron-IC1-Msc.S788-2,4,0.0029455468484232417,0.0065720388349514575,-0.003626491986528216,0.9902235166124999
group_I_intron-IC1-bas_sp.S943-3,1,0.023654474756710883,0.0179,0.005754474756710884,0.999735134381585
group_I_intron-IC1-bas_sp.S943-3,2,0.015786827077339582,0.021442857142857145,-0.005656030065517563,0.999735134381585
group_I_intron-IC1-bas_sp.S943-3,3,0.01950380898302261,0.020935714285714283,-0.0014319053026916745,0.999735134381585
group_I_intron-IC1-bas_sp.S943-3,4,0.0032239827932293097,0.0005928571428571452,0.0026311256503721648,0.999735134381585
group_I_intron-IC1-Cho_sp-4.S1046,1,0.024165271728476274,0.023810139211136894,0.0003551325173393807,0.9834435656222985
group_I_intron-IC1-Cho_sp-4.S1046,2,0.015225591641661242,0.017425614849187938,-0.002200023207526696,0.9834435656222985
group_I_intron-IC1-Cho_sp-4.S1046,3,0.019306148552881878,0.021601438515081207,-0.0022952899621993296,0.9834435656222985
group_I_intron-IC1-Cho_sp-4.S1046,4,0.0036054774388943585,-0.0011843155452436202,0.004789792984137979,0.9834435656222985
group_I_intron-IC1-Kap.S156,1,0.023923953952894185,0.019354110854503465,0.00456984309839072,0.9391242803475719
group_I_intron-IC1-Kap.S156,2,0.015538232973110445,0.020645635103926092,-0.005107402130815647,0.9391242803475719
group_I_intron-IC1-Kap.S156,3,0.019456158347534003,0.02132743648960739,-0.0018712781420733883,0.9391242803475719
group_I_intron-IC1-Kap.S156,4,0.00330650966143553,-0.000322309468822169,0.003628819130257699,0.9391242803475719
group_I_intron-IA3-Cni.cL2593,1,0.02227043928134677,0.007493750000000002,0.014776689281346766,0.9773071639226414
group_I_intron-IA3-Cni.cL2593,2,0.017208158809637726,0.02701875,-0.009810591190362275,0.9773071639226414
group_I_intron-IA3-Cni.cL2593,3,0.019920902532734288,0.017978124999999998,0.0019427775327342904,0.9773071639226414
group_I_intron-IA3-Cni.cL2593,4,0.0024387244132121847,0.007465624999999998,-0.005026900586787814,0.9773071639226414
group_I_intron-IC1-Mte.S516,1,0.023585445729554632,0.01924598984771574,0.004339455881838893,0.9912665719646241
group_I_intron-IC1-Mte.S516,2,0.015813390704969642,0.019998578680203046,-0.004185187975233404,0.9912665719646241
group_I_intron-IC1-Mte.S516,3,0.019471761898591143,0.02045614213197969,-0.000984380233388548,0.9912665719646241
group_I_intron-IC1-Mte.S516,4,0.0032956317784666534,0.0015115736040609152,0.0017840581744057382,0.9912665719646241
group_I_intron-IE1-Min.S516-1_p1,1,0.024097138087625595,0.03212363636363636,-0.008026498276010766,0.9919961187921204
group_I_intron-IE1-Min.S516-1_p1,2,0.015151140575277607,0.009203116883116882,0.005948023692160725,0.9919961187921204
group_I_intron-IE1-Min.S516-1_p1,3,0.019154487382177683,0.01947168831168831,-0.0003172009295106283,0.9919961187921204
group_I_intron-IE1-Min.S516-1_p1,4,0.003927872386554819,0.0027449350649350656,0.0011829373216197536,0.9919961187921204
group_I_intron-IC1-Asp-1.S891,1,0.02324590585170445,0.0130526213592233,0.01019328449248115,0.9899771229938176
group_I_intron-IC1-Asp-1.S891,2,0.016221169211013905,0.02475669902912621,-0.008535529818112304,0.9899771229938176
group_I_intron-IC1-Asp-1.S891,3,0.019644537922397603,0.020412330097087376,-0.0007677921746897728,0.9899771229938176
group_I_intron-IC1-Asp-1.S891,4,0.002955265269056356,0.002003009708737866,0.0009522555603184899,0.9899771229938176
group_I_intron-IC3-Ps_sp.b.trnL,1,0.022569858128649832,0.018221428571428572,0.00434842955722126,0.9917412105095058
group_I_intron-IC3-Ps_sp.b.trnL,2,0.01672746952098458,0.01796326530612245,-0.0012357957851378693,0.9917412105095058
group_I_intron-IC3-Ps_sp.b.trnL,3,0.019624159624542992,0.017083673469387755,0.0025404861551552374,0.9917412105095058
group_I_intron-IC3-Ps_sp.b.trnL,4,0.003041609940238896,0.008648979591836735,-0.005607369651597839,0.9917412105095058
group_I_intron-IC1-Pbr.S943,1,0.023862217747168065,0.02210522613065326,0.001756991616514804,0.9956895308161822
group_I_intron-IC1-Pbr.S943,2,0.015533929770530017,0.0180305527638191,-0.0024966229932890834,0.9956895308161822
group_I_intron-IC1-Pbr.S943,3,0.01939404033917169,0.020748944723618094,-0.0013549043844464058,0.9956895308161822
group_I_intron-IC1-Pbr.S943,4,0.0034407400793388444,0.0007131658291457295,0.002727574250193115,0.9956895308161822
group_I_intron-IC1-Co_sp-3.S943,1,0.02432181633677017,0.02589939759036145,-0.001577581253591278,0.9513227234576187
group_I_intron-IC1-Co_sp-3.S943,2,0.015069167743589545,0.015636144578313253,-0.0005669768347237071,0.9513227234576187
group_I_intron-IC1-Co_sp-3.S943,3,0.01926414585129845,0.021396385542168675,-0.0021322396908702267,0.9513227234576187
group_I_intron-IC1-Co_sp-3.S943,4,0.0036834479674858196,-0.000889156626506024,0.004572604593991844,0.9513227234576187
group_I_intron-IC1-Acy.S943,1,0.02373312863082202,0.020698190954773866,0.003034937676048153,0.9989788461692944
group_I_intron-IC1-Acy.S943,2,0.015671918966374734,0.01903557788944724,-0.003363658923072506,0.9989788461692944
group_I_intron-IC1-Acy.S943,3,0.019439406734513262,0.02064844221105528,-0.0012090354765420183,0.9989788461692944
group_I_intron-IC1-Acy.S943,4,0.0033539453224191527,0.0010146733668341713,0.0023392719555849813,0.9989788461692944
group_I_intron-IE1-Min.S516-1_p10,1,0.024089612256566084,0.03212363636363636,-0.008034024107070277,0.9952994114067495
group_I_intron-IE1-Min.S516-1_p10,2,0.015156092103354007,0.009203116883116882,0.005952975220237125,0.9952994114067495
group_I_intron-IE1-Min.S516-1_p10,3,0.01915344420621384,0.01947168831168831,-0.0003182441054744717,0.9952994114067495
group_I_intron-IE1-Min.S516-1_p10,4,0.003930545228482839,0.0027449350649350656,0.0011856101635477736,0.9952994114067495
group_I_intron-IE-Cky.S1199_p10,1,0.024024955398727222,0.02381788029925187,0.00020707509947535258,0.9903936302325332
group_I_intron-IE-Cky.S1199_p10,2,0.015373168115358542,0.016862942643391523,-0.0014897745280329812,0.9903936302325332
group_I_intron-IE-Cky.S1199_p10,3,0.019352582351752613,0.020937705735660846,-0.0015851233839082324,0.9903936302325332
group_I_intron-IE-Cky.S1199_p10,4,0.0035171689141492166,0.00020688279301745425,0.0033102861211317626,0.9903936302325332
group_I_intron-IC1-Pst.S943,1,0.023364170523462176,0.016403350253807104,0.006960820269655072,0.9893576578660384
group_I_intron-IC1-Pst.S943,2,0.01605109923523116,0.022029035532994925,-0.005977936297763765,0.9893576578660384
group_I_intron-IC1-Pst.S943,3,0.019550929571356068,0.020253096446700505,-0.0007021668753444364,0.9893576578660384
group_I_intron-IC1-Pst.S943,4,0.0031439108649977806,0.0021207106598984775,0.0010232002050993031,0.9893576578660384
group_I_intron-IC1-Cpu.S1506,1,0.024452896160636298,0.023661176470588238,0.0007917196900480601,0.9954646978432627
group_I_intron-IC1-Cpu.S1506,2,0.014986038878146632,0.018367731092436973,-0.003381692214290341,0.9954646978432627
group_I_intron-IC1-Cpu.S1506,3,0.019286027426069854,0.022587226890756304,-0.0033011994646864502,0.9954646978432627
group_I_intron-IC1-Cpu.S1506,4,0.0036291104833608627,-0.003241680672268905,0.006870791155629767,0.9954646978432627
group_I_intron-IE1-Leo_sp-1.S516_p10,1,0.02349080252365718,0.021229772727272726,0.002261029796384456,0.9975901255107976
group_I_intron-IE1-Leo_sp-1.S516_p10,2,0.01586830922681665,0.01780159090909091,-0.00193328168227426,0.9975901255107976
group_I_intron-IE1-Leo_sp-1.S516_p10,3,0.019449878715349547,0.019667840909090906,-0.0002179621937413584,0.9975901255107976
group_I_intron-IE1-Leo_sp-1.S516_p10,4,0.003347621885644037,0.003036477272727274,0.0003111446129167631,0.9975901255107976
group_I_intron-IC1-Tle.S891-2,1,0.023434240877608942,0.016086178660049626,0.007348062217559317,0.9838970384563903
group_I_intron-IC1-Tle.S891-2,2,0.01601161322454974,0.022422729528535985,-0.006411116303986244,0.9838970384563903
group_I_intron-IC1-Tle.S891-2,3,0.019568530423986784,0.020429727047146403,-0.0008611966231596192,0.9838970384563903
group_I_intron-IC1-Tle.S891-2,4,0.003102485183407785,0.0017708188585607914,0.0013316663248469935,0.9838970384563903
group_I_intron-IE1-Cca.S516_p1,1,0.024320867448896742,0.03324296296296296,-0.008922095514066218,0.9642104510013318
group_I_intron-IE1-Cca.S516_p1,2,0.014932121715552117,0.008700740740740742,0.006231380974811376,0.9642104510013318
group_I_intron-IE1-Cca.S516_p1,3,0.019099868921370656,0.019905925925925924,-0.0008060570045552683,0.9642104510013318
group_I_intron-IE1-Cca.S516_p1,4,0.004027960813326259,0.0017622222222222201,0.002265738591104039,0.9642104510013318
group_I_intron-IC1-Cli.S943-2,1,0.023887861456384652,0.02207224438902743,0.0018156170673572225,0.9739723871559425
group_I_intron-IC1-Cli.S943-2,2,0.015504922184939532,0.018109825436408978,-0.0026049032514694464,0.9739723871559425
group_I_intron-IC1-Cli.S943-2,3,0.019383125487936807,0.0208130174563591,-0.0014298919684222929,0.9739723871559425
group_I_intron-IC1-Cli.S943-2,4,0.00346197162488188,0.0005809476309226913,0.0028810239939591887,0.9739723871559425
group_I_intron-IC1-Uma.S943,1,0.02357861909024268,0.01672704225352113,0.006851576836721551,0.9947029393991187
group_I_intron-IC1-Uma.S943,2,0.01586642105201036,0.022392112676056338,-0.006525691624045978,0.9947029393991187
group_I_intron-IC1-Uma.S943,3,0.01952868887608251,0.020984788732394365,-0.0014560998563118537,0.9947029393991187
group_I_intron-IC1-Uma.S943,4,0.003176709189488751,0.0005656338028169023,0.0026110753866718486,0.9947029393991187
group_I_intron-IC1-Ssc.L798-4,1,0.023132335760495122,0.019118049535603712,0.00401428622489141,0.9877747026587582
group_I_intron-IC1-Ssc.L798-4,2,0.016204417379485418,0.018771393188854492,-0.0025669758093690744,0.9877747026587582
group_I_intron-IC1-Ssc.L798-4,3,0.019519730654458868,0.01887486068111455,0.0006448699733443176,0.9877747026587582
group_I_intron-IC1-Ssc.L798-4,4,0.0032242850302962372,0.004835417956656346,-0.0016111329263601088,0.9877747026587582
tmRNA-Ther.ther._TRW-300852,1,0.024443612215855212,0.03367040114613181,-0.009226788930276598,0.9820966297388495
tmRNA-Ther.ther._TRW-300852,2,0.014798400811926123,0.00885971346704871,0.005938687344877413,0.9820966297388495
tmRNA-Ther.ther._TRW-300852,3,0.019053735321162876,0.020490028653295127,-0.0014362933321322505,0.9820966297388495
tmRNA-Ther.ther._TRW-300852,4,0.004116773538474279,0.0005099140401146141,0.0036068594983596648,0.9820966297388495
tmRNA-Acti.pleu._TRW-44294,1,0.02336071227813017,0.018637486338797814,0.004723225939332356,0.9968973216327494
tmRNA-Acti.pleu._TRW-44294,2,0.016029755414538716,0.019913224043715847,-0.0038834686291771316,0.9968973216327494
tmRNA-Acti.pleu._TRW-44294,3,0.01952228894330093,0.019792677595628416,-0.00027038865232748704,0.9968973216327494
tmRNA-Acti.pleu._TRW-44294,4,0.003204186907392879,0.0029419672131147548,0.0002622196942781243,0.9968973216327494
tmRNA-Trep.pall._TRW-243276,1,0.023845206023375556,0.025509943502824862,-0.0016647374794493061,0.9829078301748032
tmRNA-Trep.pall._TRW-243276,2,0.01547888019757895,0.01478146892655367,0.0006974112710252806,0.9829078301748032
tmRNA-Trep.pall._TRW-243276,3,0.01931270118022925,0.020017853107344632,-0.0007051519271153821,0.9829078301748032
tmRNA-Trep.pall._TRW-243276,4,0.0036123874593015294,0.0020264406779661034,0.001585946781335426,0.9829078301748032
tmRNA-uncu.bact._TRW-80840-2,1,0.02409411482283503,0.02592551451187335,-0.0018313996890383204,0.9030717112646053
tmRNA-uncu.bact._TRW-80840-2,2,0.015265870599595615,0.014948918205804749,0.0003169523937908668,0.9030717112646053
tmRNA-uncu.bact._TRW-80840-2,3,0.019288490166750175,0.020601108179419524,-0.0013126180126693497,0.9030717112646053
tmRNA-uncu.bact._TRW-80840-2,4,0.003647093855340921,0.0007766754617414247,0.0028704183935994963,0.9030717112646053
tmRNA-Aqui.aeol._TRW-63363,1,0.024255947509507093,0.031391152737752163,-0.007135205228245071,0.9980541448453017
tmRNA-Aqui.aeol._TRW-63363,2,0.015022913017833579,0.010450605187319884,0.004572307830513695,0.9980541448453017
tmRNA-Aqui.aeol._TRW-63363,3,0.01914819399157735,0.02028293948126801,-0.0011347454896906625,0.9980541448453017
tmRNA-Aqui.aeol._TRW-63363,4,0.003930822436401883,0.0010911815561959657,0.0028396408802059173,0.9980541448453017
tmRNA-Stap.epid._AF375586,1,0.02263118612083438,0.014930450160771706,0.007700735960062672,0.9472506454794157
tmRNA-Stap.epid._AF375586,2,0.016718938743654328,0.021539678456591636,-0.004820739712937307,0.9472506454794157
tmRNA-Stap.epid._AF375586,3,0.01967059876743496,0.018310032154340836,0.0013605666130941246,0.9472506454794157
tmRNA-Stap.epid._AF375586,4,0.0029402808991954446,0.0062899035369774915,-0.003349622637782047,0.9472506454794157
tmRNA-envi.sequ._TRW-32045-3,1,0.02289574469058061,0.014300000000000002,0.008595744690580607,0.9936207224673093
tmRNA-envi.sequ._TRW-32045-3,2,0.016507436975358527,0.022714285714285715,-0.006206848738927188,0.9936207224673093
tmRNA-envi.sequ._TRW-32045-3,3,0.019662631492694187,0.019128571428571425,0.000534060064122762,0.9936207224673093
tmRNA-envi.sequ._TRW-32045-3,4,0.002939918180442473,0.004614285714285717,-0.0016743675338432434,0.9936207224673093
tmRNA-Myco.pene._BA000026,1,0.022606727367034663,0.007393209876543209,0.015213517490491454,0.9751399683380257
tmRNA-Myco.pene._BA000026,2,0.01682820073970026,0.028669135802469138,-0.011840935062768877,0.9751399683380257
tmRNA-Myco.pene._BA000026,3,0.019778295374597684,0.01985308641975309,-7.479104515540486e-05,0.9751399683380257
tmRNA-Myco.pene._BA000026,4,0.002716043416680034,0.003540740740740739,-0.000824697324060705,0.9751399683380257
tmRNA-Yers.pseu._AR948532,1,0.023499608351408137,0.020233846153846154,0.0032657621975619826,0.9835227773146737
tmRNA-Yers.pseu._AR948532,2,0.015876901878230702,0.018735824175824176,-0.002858922297593474,0.9835227773146737
tmRNA-Yers.pseu._AR948532,3,0.019468252256113337,0.019862417582417583,-0.0003941653263042459,0.9835227773146737
tmRNA-Yers.pseu._AR948532,4,0.0033085286016069967,0.002692747252747254,0.0006157813488597429,0.9835227773146737
tmRNA-Clos.perf._CP000246,1,0.023233685324780734,0.016746177285318558,0.006487508039462176,0.9512259175098114
tmRNA-Clos.perf._CP000246,2,0.016179618092277588,0.02117130193905817,-0.004991683846780583,0.9512259175098114
tmRNA-Clos.perf._CP000246,3,0.019583715717513186,0.019546869806094182,3.6845911419003397e-05,0.9512259175098114
tmRNA-Clos.perf._CP000246,4,0.0030835841197445714,0.003579390581717451,-0.0004958064619728798,0.9512259175098114
tmRNA-Xant.camp._AE012247,1,0.02386683938512104,0.02329151133501259,0.0005753280501084486,0.9157868275478206
tmRNA-Xant.camp._AE012247,2,0.01550506778011734,0.017164634760705295,-0.0016595669805879558,0.9157868275478206
tmRNA-Xant.camp._AE012247,3,0.019363894093328553,0.02081153652392947,-0.0014476424306009185,0.9157868275478206
tmRNA-Xant.camp._AE012247,4,0.0035036517794645805,0.0005053904282115861,0.0029982613512529945,0.9157868275478206
tmRNA-Ther.elon._BA000039,1,0.02361853595229802,0.020777512953367872,0.002841022998930149,0.9496816057187784
tmRNA-Ther.elon._BA000039,2,0.01576284028454291,0.018756062176165805,-0.0029932218916228943,0.9496816057187784
tmRNA-Ther.elon._BA000039,3,0.019442035064460867,0.02038839378238342,-0.0009463587179225526,0.9496816057187784
tmRNA-Ther.elon._BA000039,4,0.0033558273840466994,0.001554818652849739,0.0018010087311969604,0.9496816057187784
tmRNA-Baci.clau._AP006627,1,0.02351185283908239,0.021223239436619714,0.002288613402462676,0.9965520099094038
tmRNA-Baci.clau._AP006627,2,0.01585174995757386,0.017861971830985916,-0.0020102218734120575,0.9965520099094038
tmRNA-Baci.clau._AP006627,3,0.019449566031644876,0.01973380281690141,-0.0002842367852565336,0.9965520099094038
tmRNA-Baci.clau._AP006627,4,0.003346919427900594,0.002898591549295774,0.0004483278786048201,0.9965520099094038
tmRNA-envi.sequ._TRW-32045-1,1,0.02297578713735765,0.01471619718309859,0.00825958995425906,0.9836051226800694
tmRNA-envi.sequ._TRW-32045-1,2,0.016407299079877164,0.022509859154929576,-0.006102560075052412,0.9836051226800694
tmRNA-envi.sequ._TRW-32045-1,3,0.01961712164510675,0.01926901408450704,0.0003481075605997093,0.9836051226800694
tmRNA-envi.sequ._TRW-32045-1,4,0.0030301780255918,0.0042929577464788735,-0.0012627797208870735,0.9836051226800694
tmRNA-Stre.ther._CP000024,1,0.022949718920345568,0.0149,0.008049718920345568,0.9904458464646055
tmRNA-Stre.ther._CP000024,2,0.01645502395657897,0.022285714285714287,-0.005830690329135316,0.9904458464646055
tmRNA-Stre.ther._CP000024,3,0.019649961413163133,0.01917142857142857,0.00047853284173456426,0.9904458464646055
tmRNA-Stre.ther._CP000024,4,0.002963002267861454,0.004485714285714288,-0.001522712017852834,0.9904458464646055
tmRNA-Soda.glos._AP008232,1,0.023547827377984748,0.018844583333333335,0.004703244044651413,0.9387742121470257
tmRNA-Soda.glos._AP008232,2,0.015868706869100836,0.020099583333333334,-0.004230876464232498,0.9387742121470257
tmRNA-Soda.glos._AP008232,3,0.01950299115437537,0.020206041666666667,-0.0007030505122912964,0.9387742121470257
tmRNA-Soda.glos._AP008232,4,0.0032325780712784335,0.002061874999999999,0.0011707030712784345,0.9387742121470257
tmRNA-Xyle.fast._AE003849,1,0.023862891673232287,0.025166901408450702,-0.0013040097352184157,0.9155810303479379
tmRNA-Xyle.fast._AE003849,2,0.015478812707050284,0.015045070422535212,0.0004337422845150721,0.9155810303479379
tmRNA-Xyle.fast._AE003849,3,0.01932894592600513,0.020015492957746475,-0.0006865470317413448,0.9155810303479379
tmRNA-Xyle.fast._AE003849,4,0.0035771848859097407,0.0020535211267605634,0.0015236637591491773,0.9155810303479379
tmRNA-Stap.aure._BA000018,1,0.02308418509993044,0.015272596685082874,0.0078115884148475655,0.9925843917916432
tmRNA-Stap.aure._BA000018,2,0.016317471173560475,0.02224243093922652,-0.005924959765666045,0.9925843917916432
tmRNA-Stap.aure._BA000018,3,0.019610078799180964,0.019463756906077347,0.0001463218931036167,0.9925843917916432
tmRNA-Stap.aure._BA000018,4,0.0030379518662379565,0.0038487292817679566,-0.0008107774155300001,0.9925843917916432
tmRNA-Bact.mari._TRW-97084,1,0.02349388107948002,0.01745,0.006043881079480021,0.8053699730836972
tmRNA-Bact.mari._TRW-97084,2,0.01594987485486124,0.021114285714285714,-0.005164410859424474,0.8053699730836972
tmRNA-Bact.mari._TRW-97084,3,0.01954997178493149,0.020128571428571426,-0.0005785996436399356,0.8053699730836972
tmRNA-Bact.mari._TRW-97084,4,0.0031375507038868735,0.002314285714285714,0.0008232649896011595,0.8053699730836972
tmRNA-List.mono._AL591983,1,0.023271823378677114,0.017008108108108114,0.006263715270569001,0.9972999811065758
tmRNA-List.mono._AL591983,2,0.016131384979499938,0.02115135135135135,-0.0050199663718514115,0.9972999811065758
tmRNA-List.mono._AL591983,3,0.019561411363567253,0.019764864864864864,-0.00020345350129761033,0.9972999811065758
tmRNA-List.mono._AL591983,4,0.003127890793895944,0.003105405405405404,2.2485388490540124e-05,0.9972999811065758
tmRNA-Pelo.carb._CP000142,1,0.023527134651565414,0.0216063687150838,0.0019207659364816158,0.9755004246056197
tmRNA-Pelo.carb._CP000142,2,0.015829467249670923,0.017644022346368714,-0.001814555096697791,0.9755004246056197
tmRNA-Pelo.carb._CP000142,3,0.019437104476052625,0.01982759776536313,-0.0003904932893105048,0.9755004246056197
tmRNA-Pelo.carb._CP000142,4,0.003372062572691882,0.0026772067039106152,0.0006948558687812668,0.9755004246056197
tmRNA-Baci.anth._AE016879,1,0.02324527860374558,0.01865985915492958,0.0045854194488159986,0.9450122976614524
tmRNA-Baci.anth._AE016879,2,0.01612055841087541,0.019692957746478872,-0.003572399335603462,0.9450122976614524
tmRNA-Baci.anth._AE016879,3,0.019523999893347358,0.01955070422535211,-2.6704332004752473e-05,0.9450122976614524
tmRNA-Baci.anth._AE016879,4,0.0032080467653203388,0.0034478873239436616,-0.0002398405586233228,0.9450122976614524
tmRNA-Salm.ente._TRW-295319,1,0.023624769590770683,0.02229181818181818,0.0013329514089525027,0.9832521588646852
tmRNA-Salm.ente._TRW-295319,2,0.015724101311475322,0.01724727272727273,-0.0015231714157974072,0.9832521588646852
tmRNA-Salm.ente._TRW-295319,3,0.019401600416701196,0.01998727272727273,-0.0005856723105715327,0.9832521588646852
tmRNA-Salm.ente._TRW-295319,4,0.0034402075397703593,0.002298181818181817,0.0011420257215885425,0.9832521588646852
tmRNA-Ther.mari._TRW-243274-1,1,0.02403121429073142,0.027775056179775284,-0.003743841889043864,0.9279347101971096
tmRNA-Ther.mari._TRW-243274-1,2,0.015310295327277363,0.01320067415730337,0.0021096211699739922,0.9279347101971096
tmRNA-Ther.mari._TRW-243274-1,3,0.019283396081659694,0.02022393258426966,-0.0009405365026099663,0.9279347101971096
tmRNA-Ther.mari._TRW-243274-1,4,0.0036618331003437764,0.0014482022471910124,0.002213630853152764,0.9279347101971096
tmRNA-Geob.sulf._AE017180,1,0.023739475186674186,0.024235730337078654,-0.0004962551504044677,0.992241066432674
tmRNA-Geob.sulf._AE017180,2,0.01559453743399659,0.01572876404494382,-0.00013422661094722801,0.992241066432674
tmRNA-Geob.sulf._AE017180,3,0.0193530024974644,0.019971123595505617,-0.0006181210980412168,0.992241066432674
tmRNA-Geob.sulf._AE017180,4,0.003534706041660172,0.0022066292134831477,0.0013280768281770244,0.992241066432674
tmRNA-Stap.epid._TRW-1282-1,1,0.02309591369214822,0.015001024930747925,0.008094888761400295,0.9618262028204552
tmRNA-Stap.epid._TRW-1282-1,2,0.0163188727142557,0.022417839335180052,-0.006098966620924351,0.9618262028204552
tmRNA-Stap.epid._TRW-1282-1,3,0.019622576259749377,0.019422216066481996,0.0002003601932673814,0.9618262028204552
tmRNA-Stap.epid._TRW-1282-1,4,0.0030109908300643188,0.003953351800554016,-0.0009423609704896974,0.9618262028204552
tmRNA-Lact.acid._CP000033,1,0.02286773085581299,0.012195582655826556,0.010672148199986433,0.9985383066633567
tmRNA-Lact.acid._CP000033,2,0.01657187827128493,0.024570298102981034,-0.007998419831696104,0.9985383066633567
tmRNA-Lact.acid._CP000033,3,0.019713606421128627,0.019398970189701898,0.00031463623142672856,0.9985383066633567
tmRNA-Lact.acid._CP000033,4,0.002834842610161723,0.004183089430894308,-0.0013482468207325852,0.9985383066633567
tmRNA-Esch.coli._CP000468,1,0.023505803554025838,0.021134793388429753,0.0023710101655960852,0.9544634266462889
tmRNA-Esch.coli._CP000468,2,0.01585039288746331,0.01807371900826446,-0.0022233261208011515,0.9544634266462889
tmRNA-Esch.coli._CP000468,3,0.019442364031076242,0.019904628099173552,-0.00046226406809730947,0.9544634266462889
tmRNA-Esch.coli._CP000468,4,0.0033624106732900736,0.0025461157024793376,0.000816294970810736,0.9544634266462889
tmRNA-Geob.meta._CP000148,1,0.023752933942018745,0.024432359550561798,-0.0006794256085430536,0.976900498587283
tmRNA-Geob.meta._CP000148,2,0.015592375129788347,0.01558831460674157,4.060523046776204e-06,0.976900498587283
tmRNA-Geob.meta._CP000148,3,0.019362847831995707,0.019985168539325842,-0.0006223207073301346,0.976900498587283
tmRNA-Geob.meta._CP000148,4,0.0035131942914916592,0.002164494382022473,0.0013486999094691862,0.976900498587283
tmRNA-Camp.coli._TRW-306254,1,0.02306392143869178,0.014452841225626742,0.008611080213065036,0.936297207862101
tmRNA-Camp.coli._TRW-306254,2,0.01636855282081774,0.022772256267409467,-0.006403703446591726,0.936297207862101
tmRNA-Camp.coli._TRW-306254,3,0.019652278922075096,0.01933877437325905,0.00031350454881604387,0.936297207862101
tmRNA-Camp.coli._TRW-306254,4,0.002950775070572103,0.004163676880222841,-0.0012129018096507377,0.936297207862101
tmRNA-Shig.dyse._CP000034,1,0.023567043603762737,0.021520468319559227,0.00204657528420351,0.9948824978857422
tmRNA-Shig.dyse._CP000034,2,0.015793316589845376,0.01779823691460055,-0.0020049203247551745,0.9948824978857422
tmRNA-Shig.dyse._CP000034,3,0.019430840799058158,0.019932176308539943,-0.0005013355094817852,0.9948824978857422
tmRNA-Shig.dyse._CP000034,4,0.003382621317861101,0.0024634710743801636,0.0009191502434809373,0.9948824978857422
tmRNA-Bact.frag._CR626927,1,0.02332942395899249,0.015597688442211053,0.007731735516781439,0.996663090932575
tmRNA-Bact.frag._CR626927,2,0.016101270491129048,0.02267879396984925,-0.006577523478720201,0.996663090932575
tmRNA-Bact.frag._CR626927,3,0.019578675393877698,0.020284120603015075,-0.0007054452091373765,0.996663090932575
tmRNA-Bact.frag._CR626927,4,0.0030879758541924067,0.0021076381909547756,0.000980337663237631,0.996663090932575
tmRNA-Guil.thet._AF041468,1,0.022043291986839613,0.006168593272171257,0.015874698714668355,0.982041935018116
tmRNA-Guil.thet._AF041468,2,0.017408065339546388,0.028095290519877678,-0.01068722518033129,0.982041935018116
tmRNA-Guil.thet._AF041468,3,0.019949578200388018,0.018038470948012232,0.0019111072523757856,0.982041935018116
tmRNA-Guil.thet._AF041468,4,0.0023932526774548273,0.007424587155963301,-0.005031334478508474,0.982041935018116
tmRNA-Myco.geni._TRW-243273,1,0.022776761066131752,0.009339381443298971,0.013437379622832781,0.9980088363302563
tmRNA-Myco.geni._TRW-243273,2,0.016688173775006858,0.026963298969072166,-0.010275125194065308,0.9980088363302563
tmRNA-Myco.geni._TRW-243273,3,0.019768294331245172,0.019615670103092783,0.00015262422815238985,0.9980088363302563
tmRNA-Myco.geni._TRW-243273,4,0.002726043430219367,0.003912989690721648,-0.0011869462605022807,0.9980088363302563
tmRNA-Meth.caps._AE017282,1,0.02380215779963117,0.02521887640449438,-0.001416718604863209,0.9781378461885908
tmRNA-Meth.caps._AE017282,2,0.015526745391196743,0.015026516853932585,0.0005002285372641586,0.9781378461885908
tmRNA-Meth.caps._AE017282,3,0.019330034396855652,0.02004134831460674,-0.0007113139177510885,0.9781378461885908
tmRNA-Meth.caps._AE017282,4,0.0035788209227458167,0.001995955056179777,0.0015828658665660396,0.9781378461885908
tmRNA-Paen.larv._TRW-1464,1,0.0235514850241637,0.02099272479564033,0.0025587602285233706,0.9244880462404473
tmRNA-Paen.larv._TRW-1464,2,0.015837676255244924,0.01824948228882834,-0.0024118060335834163,0.9244880462404473
tmRNA-Paen.larv._TRW-1464,3,0.01946936940355851,0.01998305177111716,-0.0005136823675586516,0.9244880462404473
tmRNA-Paen.larv._TRW-1464,4,0.0033028393135602994,0.0023908446866485007,0.0009119946269117987,0.9244880462404473
tmRNA-Burk.fung._TRW-266265,1,0.023715369033408328,0.022494594594594595,0.0012207744388137327,0.9877528869384827
tmRNA-Burk.fung._TRW-266265,2,0.01565093910451664,0.017232432432432436,-0.001581493327915795,0.9877528869384827
tmRNA-Burk.fung._TRW-266265,3,0.019397998809300595,0.020156756756756752,-0.0007587579474561575,0.9877528869384827
tmRNA-Burk.fung._TRW-266265,4,0.003441914171891762,0.0019297297297297305,0.0015121844421620316,0.9877528869384827
tmRNA-Bord.aviu._AM167904,1,0.02393363749836892,0.02230275862068966,0.0016308788776792614,0.993421936737618
tmRNA-Bord.aviu._AM167904,2,0.015469012616268,0.018038029556650247,-0.002569016940382248,0.993421936737618
tmRNA-Bord.aviu._AM167904,3,0.01938256504096777,0.020940197044334974,-0.0015576320033672056,0.993421936737618
tmRNA-Bord.aviu._AM167904,4,0.003460193462592173,0.0002994088669950744,0.003160784595597099,0.993421936737618
tmRNA-uncu.bact._TRW-32033-1,1,0.023834693396525317,0.025905423728813555,-0.0020707303322882384,0.9609309434124633
tmRNA-uncu.bact._TRW-32033-1,2,0.01548813171012942,0.01449898305084746,0.0009891486592819593,0.9609309434124633
tmRNA-uncu.bact._TRW-32033-1,3,0.019314027866562285,0.020046101694915254,-0.0007320738283529693,0.9609309434124633
tmRNA-uncu.bact._TRW-32033-1,4,0.0036102839316258335,0.0019416949152542393,0.0016685890163715942,0.9609309434124633
tmRNA-Grac.tenu._AY673996,1,0.02166963768202142,-0.0009709090909090909,0.022640546772930512,0.9550533208893145
tmRNA-Grac.tenu._AY673996,2,0.01781335169090448,0.03447636363636364,-0.016663011945459157,0.9550533208893145
tmRNA-Grac.tenu._AY673996,3,0.02008789256871357,0.019056363636363635,0.0010315289323499337,0.9550533208893145
tmRNA-Grac.tenu._AY673996,4,0.002127345408695975,0.005750909090909091,-0.003623563682213116,0.9550533208893145
tmRNA-Baci.subt._TRW-1423,1,0.023392119923781277,0.01920641873278237,0.004185701190998908,0.9883293678644808
tmRNA-Baci.subt._TRW-1423,2,0.01598021483907066,0.019451129476584023,-0.0034709146375133636,0.9883293678644808
tmRNA-Baci.subt._TRW-1423,3,0.019492213006997727,0.019766887052341597,-0.0002746740453438701,0.9883293678644808
tmRNA-Baci.subt._TRW-1423,4,0.0032652230547608172,0.0029593388429752054,0.0003058842117856118,0.9883293678644808
tmRNA-Shig.sonn._CP000038,1,0.02356080153647913,0.021134793388429753,0.0024260081480493786,0.9906788270321504
tmRNA-Shig.sonn._CP000038,2,0.015815884240853402,0.01807371900826446,-0.0022578347674110585,0.9906788270321504
tmRNA-Shig.sonn._CP000038,3,0.01945198647469055,0.019904628099173552,-0.0004526416244830002,0.9906788270321504
tmRNA-Shig.sonn._CP000038,4,0.0033386863249082487,0.0025461157024793376,0.0007925706224289112,0.9906788270321504
tmRNA-Haem.infl._L42023,1,0.023349207475668658,0.01825497267759563,0.005094234798073027,0.9908995340089752
tmRNA-Haem.infl._L42023,2,0.016039832142119792,0.020186448087431693,-0.004146615945311901,0.9908995340089752
tmRNA-Haem.infl._L42023,3,0.019523683685452355,0.019765355191256828,-0.00024167150580447355,0.9908995340089752
tmRNA-Haem.infl._L42023,4,0.003202004693363212,0.003023934426229509,0.00017807026713370297,0.9908995340089752
tmRNA-Psyc.cryo._CP000323,1,0.023270708361893568,0.016012729805013927,0.007257978556879641,0.6721562291592129
tmRNA-Psyc.cryo._CP000323,2,0.01616739275888942,0.021658050139275766,-0.005490657380386347,0.6721562291592129
tmRNA-Psyc.cryo._CP000323,3,0.019603314469654513,0.019450194986072422,0.0001531194835820912,0.6721562291592129
tmRNA-Psyc.cryo._CP000323,4,0.003040101378989331,0.003829415041782729,-0.0007893136627933977,0.6721562291592129
tmRNA-Pseu.syri._CP000058,1,0.023579407402654216,0.020164123711340208,0.0034152836913140076,0.938398670638743
tmRNA-Pseu.syri._CP000058,2,0.015811814974372004,0.019231340206185568,-0.0034195252318135645,0.938398670638743
tmRNA-Pseu.syri._CP000058,3,0.019464309302662814,0.020388865979381443,-0.000924556676718629,0.938398670638743
tmRNA-Pseu.syri._CP000058,4,0.0033116477587615684,0.001593402061855668,0.0017182456969059004,0.938398670638743
tmRNA-Prop.acne._TRW-1747-2,1,0.023532476607764315,0.02188875354107649,0.0016437230666878251,0.9936376616226659
tmRNA-Prop.acne._TRW-1747-2,2,0.015821802477654013,0.017349461756373936,-0.0015276592787199228,0.9936376616226659
tmRNA-Prop.acne._TRW-1747-2,3,0.019432896745908368,0.019737053824362607,-0.000304157078454239,0.9936376616226659
tmRNA-Prop.acne._TRW-1747-2,4,0.003380540590336361,0.0028488385269121812,0.0005317020634241798,0.9936376616226659
tmRNA-Azot.vine._TRW-354,1,0.023638813397316095,0.023815000000000003,-0.00017618660268390804,0.8741125145084204
tmRNA-Azot.vine._TRW-354,2,0.015701235946099575,0.015954999999999997,-0.0002537640539004224,0.8741125145084204
tmRNA-Azot.vine._TRW-354,3,0.019387301379410495,0.019852499999999995,-0.00046519862058949993,0.8741125145084204
tmRNA-Azot.vine._TRW-354,4,0.0034692833401188915,0.002482500000000002,0.0009867833401188894,0.8741125145084204
tmRNA-envi.sequ._TRW-32045-2,1,0.022677992103554645,0.012447101449275364,0.010230890654279281,0.9796943973121842
tmRNA-envi.sequ._TRW-32045-2,2,0.016694934253583746,0.023944927536231883,-0.007249993282648137,0.9796943973121842
tmRNA-envi.sequ._TRW-32045-2,3,0.01968518355178491,0.01888550724637681,0.0007996763054081008,0.9796943973121842
tmRNA-envi.sequ._TRW-32045-2,4,0.002906680158931349,0.0052434782608695675,-0.0023367981019382185,0.9796943973121842
tmRNA-uncu.bact._TRW-135621-1,1,0.023682838155332786,0.02011770780856423,0.0035651303467685545,0.9961371710495799
tmRNA-uncu.bact._TRW-135621-1,2,0.015718223781659154,0.01943163727959698,-0.003713413497937825,0.9961371710495799
tmRNA-uncu.bact._TRW-135621-1,3,0.019448194344593092,0.020584836272040306,-0.0011366419274472135,0.9961371710495799
tmRNA-uncu.bact._TRW-135621-1,4,0.003338764235186556,0.001185491183879092,0.002153273051307464,0.9961371710495799
tmRNA-Kleb.pneu._TRW-272620,1,0.0235137701916056,0.020941955922865012,0.0025718142687405875,0.9812016021204875
tmRNA-Kleb.pneu._TRW-272620,2,0.015842595286857573,0.01821146005509642,-0.002368864768238846,0.9812016021204875
tmRNA-Kleb.pneu._TRW-272620,3,0.019440420711196886,0.019890853994490355,-0.00045043328329346863,0.9812016021204875
tmRNA-Kleb.pneu._TRW-272620,4,0.0033659713996448738,0.002587438016528925,0.0007785333831159488,0.9812016021204875
tmRNA-Para.symb._BX908798,1,0.023049038276640243,0.011368518518518517,0.011680519758121725,0.9781893835163754
tmRNA-Para.symb._BX908798,2,0.01645517112148926,0.025829629629629633,-0.009374458508140372,0.9781893835163754
tmRNA-Para.symb._BX908798,3,0.019741816284828174,0.02013703703703704,-0.0003952207522088663,0.9781893835163754
tmRNA-Para.symb._BX908798,4,0.002763995642996394,0.0026888888888888865,7.510675410750747e-05,0.9781893835163754
tmRNA-Synt.acid._CP000252,1,0.023383981457195804,0.01971325842696629,0.003670723030229514,0.9966284814609084
tmRNA-Synt.acid._CP000252,2,0.01598225871490621,0.018959101123595508,-0.002976842408689298,0.9966284814609084
tmRNA-Synt.acid._CP000252,3,0.019487137505184292,0.01964808988764045,-0.00016095238245615942,0.9966284814609084
tmRNA-Synt.acid._CP000252,4,0.0032763902983428865,0.003175730337078653,0.00010065996126423348,0.9966284814609084
tmRNA-Shig.flex._CP000266,1,0.023509106948956773,0.021134793388429753,0.00237431356052702,0.8893290660909444
tmRNA-Shig.flex._CP000266,2,0.01586683261155411,0.01807371900826446,-0.0022068863967103503,0.8893290660909444
tmRNA-Shig.flex._CP000266,3,0.019465014528197683,0.019904628099173552,-0.00043961357097586917,0.8893290660909444
tmRNA-Shig.flex._CP000266,4,0.0033147045732011943,0.0025461157024793376,0.0007685888707218568,0.8893290660909444
tmRNA-Stre.gord._TRW-29390,1,0.022949834869024664,0.014014240687679086,0.008935594181345577,0.9603928688398549
tmRNA-Stre.gord._TRW-29390,2,0.016462759231148427,0.022899828080229227,-0.006437068849080799,0.9603928688398549
tmRNA-Stre.gord._TRW-29390,3,0.019659291270084343,0.019086017191977077,0.0005732740781072658,0.9603928688398549
tmRNA-Stre.gord._TRW-29390,4,0.002943432184079632,0.004721948424068768,-0.0017785162399891362,0.9603928688398549
tmRNA-Colw.psyc._CP000083,1,0.02337451728159842,0.020100000000000003,0.003274517281598416,0.9929539051597324
tmRNA-Colw.psyc._CP000083,2,0.015992842685876533,0.01857142857142857,-0.0025785858855520358,0.9929539051597324
tmRNA-Colw.psyc._CP000083,3,0.019491020693097477,0.01954285714285714,-5.183644975966309e-05,0.9929539051597324
tmRNA-Colw.psyc._CP000083,4,0.003268858722111848,0.003371428571428574,-0.00010256984931672573,0.9929539051597324
tmRNA-Chlo.tepi._TRW-194439,1,0.023768824962132618,0.02065227722772277,0.003116547734409846,0.9956788680182023
tmRNA-Chlo.tepi._TRW-194439,2,0.015634100925317355,0.01917980198019802,-0.0035457010548806643,0.9956788680182023
tmRNA-Chlo.tepi._TRW-194439,3,0.01942726645292387,0.0207780198019802,-0.0013507533490563287,0.9956788680182023
tmRNA-Chlo.tepi._TRW-194439,4,0.0033770977624413955,0.0007459405940594067,0.0026311571683819888,0.9956788680182023
tmRNA-Myco.tube._TRW-164513,1,0.024088281203144477,0.027519782608695652,-0.003431501405551176,0.9962781571742927
tmRNA-Myco.tube._TRW-164513,2,0.015248381850372538,0.013605869565217393,0.0016425122851551448,0.9962781571742927
tmRNA-Myco.tube._TRW-164513,3,0.019262253316808305,0.020471413043478257,-0.0012091597266699512,0.9962781571742927
tmRNA-Myco.tube._TRW-164513,4,0.00370248296777972,0.0009457608695652184,0.0027567220982145017,0.9962781571742927
tmRNA-Chlo.chlo._CP000108,1,0.023532366217793914,0.015962518703241894,0.00756984751455202,0.7176934982115148
tmRNA-Chlo.chlo._CP000108,2,0.015939365857873408,0.02247391521197008,-0.006534549354096673,0.7176934982115148
tmRNA-Chlo.chlo._CP000108,3,0.019572966570043437,0.02037660847880299,-0.0008036419087595545,0.7176934982115148
tmRNA-Chlo.chlo._CP000108,4,0.0030868529197286675,0.0018901745635910223,0.0011966783561376453,0.7176934982115148
tmRNA-Prop.acne._AE017283,1,0.023867202688382712,0.024058679245283023,-0.00019147655690031004,0.9494673024273694
tmRNA-Prop.acne._AE017283,2,0.015493304544044286,0.01613380053908356,-0.0006404959950392728,0.9494673024273694
tmRNA-Prop.acne._AE017283,3,0.01935020405332915,0.020290619946091642,-0.0009404158927624924,0.9494673024273694
tmRNA-Prop.acne._AE017283,4,0.003532333263123871,0.0015481401617250653,0.0019841931013988056,0.9494673024273694
tmRNA-Pseu.fluo._CP000094,1,0.023664710594821337,0.020274358974358975,0.003390351620462362,0.9946865769860398
tmRNA-Pseu.fluo._CP000094,2,0.015736178707831727,0.01918974358974359,-0.0034535648819118622,0.9946865769860398
tmRNA-Pseu.fluo._CP000094,3,0.019452869008403664,0.02044102564102564,-0.000988156632621976,0.9946865769860398
tmRNA-Pseu.fluo._CP000094,4,0.0033301320407780294,0.0014769230769230745,0.001853208963854955,0.9946865769860398
tmRNA-Myco.hyop._TRW-262719,1,0.02253340206770987,0.0015712009237875291,0.02096220114392234,0.9797657245034372
tmRNA-Myco.hyop._TRW-262719,2,0.01711492016449713,0.033347713625866054,-0.016232793461368925,0.9797657245034372
tmRNA-Myco.hyop._TRW-262719,3,0.0200524682586326,0.020057228637413396,-4.76037878079788e-06,0.9797657245034372
tmRNA-Myco.hyop._TRW-262719,4,0.0021458954533374566,0.0034883140877598195,-0.001342418634422363,0.9797657245034372
tmRNA-Buch.aphi._AE013218,1,0.022645237479692333,0.007177446808510639,0.015467790671181694,0.9638140754102712
tmRNA-Buch.aphi._AE013218,2,0.016863496808806413,0.02828468085106383,-0.011421184042257417,0.9638140754102712
tmRNA-Buch.aphi._AE013218,3,0.019855926945600566,0.019195531914893614,0.000660395030706952,0.9638140754102712
tmRNA-Buch.aphi._AE013218,4,0.002550783018599315,0.004933404255319148,-0.0023826212367198335,0.9638140754102712
tmRNA-Myco.hyop._TRW-295358,1,0.02221483223370716,0.0015960377358490586,0.020618794497858105,0.9829122382208583
tmRNA-Myco.hyop._TRW-295358,2,0.017297323413235137,0.03316283018867925,-0.015865506775444113,0.9829122382208583
tmRNA-Myco.hyop._TRW-295358,3,0.0199758845930485,0.019859716981132078,0.00011616761191642067,0.9829122382208583
tmRNA-Myco.hyop._TRW-295358,4,0.002327026999497853,0.003900849056603776,-0.0015738220571059232,0.9829122382208583
tmRNA-Chla.abor._CR848038,1,0.023266253751127706,0.012226470588235294,0.011039783162892412,0.9935201182103025
tmRNA-Chla.abor._CR848038,2,0.016224870562389235,0.025588235294117648,-0.009363364731728413,0.9935201182103025
tmRNA-Chla.abor._CR848038,3,0.019667733748505032,0.020641176470588236,-0.0009734427220832037,0.9935201182103025
tmRNA-Chla.abor._CR848038,4,0.0029053160917715233,0.001576470588235294,0.0013288455035362294,0.9935201182103025
tmRNA-Chla.cavi._AE015925,1,0.02328307640183211,0.012720588235294119,0.01056248816653799,0.9989060610739362
tmRNA-Chla.cavi._AE015925,2,0.016198512473461147,0.02523529411764706,-0.009036781644185914,0.9989060610739362
tmRNA-Chla.cavi._AE015925,3,0.019651835396971767,0.020676470588235293,-0.0010246351912635253,0.9989060610739362
tmRNA-Chla.cavi._AE015925,4,0.0029375660126829276,0.0014705882352941176,0.00146697777738881,0.9989060610739362
tmRNA-Ther.yell._TRW-289376,1,0.023569983396659125,0.021700000000000004,0.0018699833966591209,0.8291417415981172
tmRNA-Ther.yell._TRW-289376,2,0.015801836913414805,0.017428571428571425,-0.00162673451515662,0.8291417415981172
tmRNA-Ther.yell._TRW-289376,3,0.01944371330137222,0.019657142857142852,-0.000213429555770632,0.8291417415981172
tmRNA-Ther.yell._TRW-289376,4,0.003355440923144759,0.0030285714285714312,0.00032686949457332764,0.8291417415981172
tmRNA-Dict.ther._TRW-14,1,0.023437519700418546,0.020900000000000002,0.0025375197004185446,0.9979518917174461
tmRNA-Dict.ther._TRW-14,2,0.015917261403843613,0.018,-0.0020827385961563853,0.9979518917174461
tmRNA-Dict.ther._TRW-14,3,0.019459060628046025,0.0196,-0.0001409393719539742,0.9979518917174461
tmRNA-Dict.ther._TRW-14,4,0.0033318070895539103,0.0032000000000000023,0.00013180708955390797,0.9979518917174461
tmRNA-Myco.pulm._AL445565,1,0.0226914106042978,0.0072659689922480635,0.015425441612049739,0.9739699159500411
tmRNA-Myco.pulm._AL445565,2,0.01680108018087064,0.028425736434108527,-0.011624656253237886,0.9739699159500411
tmRNA-Myco.pulm._AL445565,3,0.019824128465774492,0.019445426356589145,0.0003787021091853464,0.9739699159500411
tmRNA-Myco.pulm._AL445565,4,0.0026144783392278133,0.0044037209302325575,-0.0017892425910047442,0.9739699159500411
tmRNA-Prot.mira._TRW-584,1,0.02337058529410053,0.01851316076294278,0.004857424531157752,0.9262184742421632
tmRNA-Prot.mira._TRW-584,2,0.016043549080703885,0.020020599455040873,-0.003977050374336988,0.9262184742421632
tmRNA-Prot.mira._TRW-584,3,0.01954784879077819,0.019805940054495912,-0.00025809126371772323,0.9262184742421632
tmRNA-Prot.mira._TRW-584,4,0.0031499567100392407,0.0029221798365122614,0.00022777687352697933,0.9262184742421632
tmRNA-Lact.sake._TRW-314315,1,0.023160154094263967,0.01662972972972973,0.006530424364534236,0.941447395995825
tmRNA-Lact.sake._TRW-314315,2,0.016210608062302616,0.02142162162162162,-0.005211013559319005,0.941447395995825
tmRNA-Lact.sake._TRW-314315,3,0.019552790315142933,0.01973783783783784,-0.0001850475226949054,0.941447395995825
tmRNA-Lact.sake._TRW-314315,4,0.0031531716557155337,0.0031864864864864866,-3.33148307709529e-05,0.941447395995825
tmRNA-Lact.delb._TRW-321956,1,0.02325216935914108,0.018173149171270716,0.005079020187870365,0.9527071979678898
tmRNA-Lact.delb._TRW-321956,2,0.016122274676007256,0.020170607734806632,-0.004048333058799376,0.9527071979678898
tmRNA-Lact.delb._TRW-321956,3,0.019532406906754257,0.019670939226519336,-0.00013853231976507924,0.9527071979678898
tmRNA-Lact.delb._TRW-321956,4,0.003189974591699712,0.0032271823204419905,-3.7207728742278366e-05,0.9527071979678898
tmRNA-Pseu.fluo._CP000076,1,0.023708300448943977,0.020844974619289337,0.00286332582965464,0.9939676067848787
tmRNA-Pseu.fluo._CP000076,2,0.015688624268385933,0.018856446700507616,-0.003167822432121683,0.9939676067848787
tmRNA-Pseu.fluo._CP000076,3,0.01943640627286997,0.020570355329949237,-0.001133949057079267,0.9939676067848787
tmRNA-Pseu.fluo._CP000076,4,0.003361838431147225,0.001168934010152285,0.00219290442099494,0.9939676067848787
SRP-protozoan-Tryp.cong._SDB-5692,1,0.02388796981557606,0.03229308243727599,-0.008405112621699927,0.9986151531391251
SRP-protozoan-Tryp.cong._SDB-5692,2,0.015326910429851572,0.008543512544802869,0.006783397885048703,0.9986151531391251
SRP-protozoan-Tryp.cong._SDB-5692,3,0.019170980726893237,0.018841648745519714,0.0003293319813735228,0.9986151531391251
SRP-protozoan-Tryp.cong._SDB-5692,4,0.00390678429421895,0.004055053763440859,-0.0001482694692219082,0.9986151531391251
SRP-small_bacterial-Stre.agal._CP000114,1,0.022469459022258845,0.027235454545454545,-0.004765995523195701,0.9210763374581313
SRP-small_bacterial-Stre.agal._CP000114,2,0.016627476022730247,0.008404675324675322,0.008222800698054925,0.9210763374581313
SRP-small_bacterial-Stre.agal._CP000114,3,0.019412260509186527,0.014007532467532467,0.00540472804165406,0.9210763374581313
SRP-small_bacterial-Stre.agal._CP000114,4,0.0034923918986567077,0.014517402597402595,-0.011025010698745888,0.9210763374581313
SRP-plant-Popu.trem._BU866844,1,0.023257802554937354,0.02325408026755853,3.722287378823269e-06,0.8814271018625528
SRP-plant-Popu.trem._BU866844,2,0.016041013455603596,0.015371371237458195,0.0006696422181454009,0.8814271018625528
SRP-plant-Popu.trem._BU866844,3,0.019440718401623376,0.01863886287625418,0.0008018555253691967,0.8814271018625528
SRP-plant-Popu.trem._BU866844,4,0.0033818612511163117,0.005063411371237458,-0.001681550120121146,0.8814271018625528
SRP-fungal-Zygo.roux._BN000170,1,0.02321408324541939,0.02688695473251029,-0.0036728714870909,0.9226669220773691
SRP-fungal-Zygo.roux._BN000170,2,0.016027349794667207,0.011736460905349794,0.004290888889317413,0.9226669220773691
SRP-fungal-Zygo.roux._BN000170,3,0.019384070827874952,0.01765835390946502,0.0017257169184099336,0.9226669220773691
SRP-fungal-Zygo.roux._BN000170,4,0.0035034590224932074,0.006884938271604938,-0.003381479249111731,0.9226669220773691
SRP-fungal-Para.bras._CN239248,1,0.02335841017020568,0.03693803149606299,-0.013579621325857313,0.9840237507046246
SRP-fungal-Para.bras._CN239248,2,0.015672188733272686,0.0024028346456692927,0.013269354087603394,0.9840237507046246
SRP-fungal-Para.bras._CN239248,3,0.019093834416014973,0.015807716535433072,0.0032861178805819007,0.9840237507046246
SRP-fungal-Para.bras._CN239248,4,0.004102707826406942,0.010116850393700787,-0.006014142567293846,0.9840237507046246
SRP-small_bacterial-Trop.whip._AE016852,1,0.023013827825980833,0.03651666666666666,-0.01350283884068583,0.9880141085401092
SRP-small_bacterial-Trop.whip._AE016852,2,0.015995967502326944,0.002295238095238095,0.013700729407088849,0.9880141085401092
SRP-small_bacterial-Trop.whip._AE016852,3,0.019161802322910582,0.01529047619047619,0.003871326132434393,0.9880141085401092
SRP-small_bacterial-Trop.whip._AE016852,4,0.003982425592220985,0.011228571428571428,-0.007246145836350443,0.9880141085401092
SRP-archael-Meth.mari._CP000745,1,0.022658223810593393,0.021854495412844035,0.0008037283977493578,0.991399353309234
SRP-archael-Meth.mari._CP000745,2,0.016550981973556887,0.014866788990825688,0.0016841929827311995,0.991399353309234
SRP-archael-Meth.mari._CP000745,3,0.019495300485942495,0.016745321100917428,0.002749979385025067,0.991399353309234
SRP-archael-Meth.mari._CP000745,4,0.003306097444920999,0.009124036697247706,-0.0058179392523267075,0.991399353309234
SRP-protozoan-Phyt.ramo._GSP-164328,1,0.023402777088832042,0.023032229299363056,0.00037054778946898556,0.973831500899195
SRP-protozoan-Phyt.ramo._GSP-164328,2,0.015920041912924045,0.0158084076433121,0.00011163426961194323,0.973831500899195
SRP-protozoan-Phyt.ramo._GSP-164328,3,0.01943030574740824,0.01895515923566879,0.0004751465117394521,0.973831500899195
SRP-protozoan-Phyt.ramo._GSP-164328,4,0.0033943410400258125,0.00441452229299363,-0.0010201812529678175,0.973831500899195
SRP-long_bacterial-Baci.subt._Z99104,1,0.023306618875144465,0.02475185185185185,-0.0014452329767073863,0.8683210509870886
SRP-long_bacterial-Baci.subt._Z99104,2,0.015966719656267565,0.013762962962962965,0.0022037566933046007,0.8683210509870886
SRP-long_bacterial-Baci.subt._Z99104,3,0.01939719855183698,0.018103703703703705,0.0012934948481332746,0.8683210509870886
SRP-long_bacterial-Baci.subt._Z99104,4,0.0034699631090421693,0.0060888888888888885,-0.002618925779846719,0.8683210509870886
SRP-archael-Meth.vann._CP000742,1,0.022636079680673007,0.04447555555555556,-0.021839475874882552,0.8531904538008951
SRP-archael-Meth.vann._CP000742,2,0.016226403041777273,-0.00467111111111111,0.02089751415288838,0.8531904538008951
SRP-archael-Meth.vann._CP000742,3,0.01908786179350952,0.014331111111111109,0.004756750682398411,0.8531904538008951
SRP-archael-Meth.vann._CP000742,4,0.004161833034210815,0.012726666666666664,-0.008564833632455849,0.8531904538008951
SRP-animal-Caen.eleg._AY948608,1,0.023541254730487897,0.02629755852842809,-0.0027563037979401947,0.9980509448848501
SRP-animal-Caen.eleg._AY948608,2,0.015730301317840346,0.013197458193979935,0.0025328431238604114,0.9980509448848501
SRP-animal-Caen.eleg._AY948608,3,0.019331902091721545,0.01885625418060201,0.00047564791111953664,0.9980509448848501
SRP-animal-Caen.eleg._AY948608,4,0.003591737244423351,0.004411237458193979,-0.0008195002137706283,0.9980509448848501
SRP-animal-Mus.musc._DQ285765,1,0.023800905595276346,0.029989655172413796,-0.006188749577137449,0.994284666194047
SRP-animal-Mus.musc._DQ285765,2,0.015442869591218393,0.010393103448275862,0.005049766142942532,0.994284666194047
SRP-animal-Mus.musc._DQ285765,3,0.01922887275440009,0.018920689655172414,0.00030818309922767476,0.994284666194047
SRP-animal-Mus.musc._DQ285765,4,0.0037910148314013337,0.004037931034482759,-0.0002469162030814256,0.994284666194047
SRP-fungal-Sacc.cere._U18917,1,0.024123184166250394,0.018688701825557808,0.005434482340692586,0.9778459345133128
SRP-fungal-Sacc.cere._U18917,2,0.01533630397913209,0.022235212981744426,-0.006898909002612336,0.9778459345133128
SRP-fungal-Sacc.cere._U18917,3,0.01939930166704247,0.022608478701825557,-0.0032091770347830867,0.9778459345133128
SRP-fungal-Sacc.cere._U18917,4,0.003412871719668995,-0.0029654361054766735,0.0063783078251456685,0.9778459345133128
SRP-fungal-Sacc.kluy._AJ550805,1,0.02399040551469386,0.0199975,0.003992905514693858,0.9983831010438431
SRP-fungal-Sacc.kluy._AJ550805,2,0.015461718927297953,0.02046464285714286,-0.005002923929844905,0.9983831010438431
SRP-fungal-Sacc.kluy._AJ550805,3,0.019426269965341882,0.02170553571428572,-0.0022792657489438366,0.9983831010438431
SRP-fungal-Sacc.kluy._AJ550805,4,0.0033648916523674145,-0.0011566071428571433,0.004521498795224558,0.9983831010438431
SRP-fungal-Deba.hans._CR382138,1,0.022699866747646003,0.018516844106463877,0.004183022641182126,0.9943421086090145
SRP-fungal-Deba.hans._CR382138,2,0.016584781598625958,0.018086539923954374,-0.0015017583253284159,0.9943421086090145
SRP-fungal-Deba.hans._CR382138,3,0.019574039673111866,0.017503346007604562,0.002070693665507304,0.9943421086090145
SRP-fungal-Deba.hans._CR382138,4,0.0031383125081431208,0.007749961977186313,-0.004611649469043192,0.9943421086090145
SRP-animal-Onch.volv._GSP-6282,1,0.023764411741961904,0.02969122866894198,-0.0059268169269800774,0.9932975826339456
SRP-animal-Onch.volv._GSP-6282,2,0.015472844838341104,0.0106619795221843,0.004810865316156805,0.9932975826339456
SRP-animal-Onch.volv._GSP-6282,3,0.019230925838294603,0.01896580204778157,0.00026512379051303256,0.9932975826339456
SRP-animal-Onch.volv._GSP-6282,4,0.003789064420223447,0.0039625938566552905,-0.0001735294364318433,0.9932975826339456
SRP-plant-Lyco.escu._Z29099,1,0.023293869019282473,0.022722105263157894,0.000571763756124579,0.9945385447429759
SRP-plant-Lyco.escu._Z29099,2,0.01601483909016367,0.015844210526315787,0.0001706285638478841,0.9945385447429759
SRP-plant-Lyco.escu._Z29099,3,0.019442802625302038,0.018711578947368423,0.0007312236779336151,0.9945385447429759
SRP-plant-Lyco.escu._Z29099,4,0.003375164236025889,0.004945263157894736,-0.0015700989218688467,0.9945385447429759
SRP-fungal-Cocc.immi._GSP-396776,1,0.023610609314356608,0.024729202453987728,-0.0011185931396311202,0.9882513669234658
SRP-fungal-Cocc.immi._GSP-396776,2,0.01570175913814776,0.014819141104294479,0.0008826180338532812,0.9882513669234658
SRP-fungal-Cocc.immi._GSP-396776,3,0.019361890647197646,0.01934208588957055,1.9804757627094743e-05,0.9882513669234658
SRP-fungal-Cocc.immi._GSP-396776,4,0.0035243835259174136,0.0034937423312883407,3.064119462907293e-05,0.9882513669234658
SRP-protozoan-Leis.guya._AY722727,1,0.02341044215393235,0.0373863503649635,-0.013975908211031153,0.9962226898038516
SRP-protozoan-Leis.guya._AY722727,2,0.01562695307326427,0.002268321167883212,0.013358631905381058,0.9962226898038516
SRP-protozoan-Leis.guya._AY722727,3,0.01908792911406032,0.01606116788321168,0.0030267612308486416,0.9962226898038516
SRP-protozoan-Leis.guya._AY722727,4,0.0041117330089746554,0.009556496350364962,-0.005444763341390307,0.9962226898038516
SRP-protozoan-Cryp.parv._AA532232,1,0.023125885021238503,0.02166,0.0014658850212385041,0.837188399922085
SRP-protozoan-Cryp.parv._AA532232,2,0.016177929559672958,0.016120000000000002,5.7929559672955516e-05,0.837188399922085
SRP-protozoan-Cryp.parv._AA532232,3,0.019482194494599443,0.01806,0.0014221944945994429,0.837188399922085
SRP-protozoan-Cryp.parv._AA532232,4,0.0033034060583406162,0.0063799999999999985,-0.0030765939416593823,0.837188399922085
SRP-animal-Xeno.laev._X01055,1,0.023636377105819735,0.027335791245791243,-0.003699414139971508,0.9817812091290254
SRP-animal-Xeno.laev._X01055,2,0.015629214434061896,0.01241872053872054,0.0032104938953413566,0.9817812091290254
SRP-animal-Xeno.laev._X01055,3,0.019299180692138162,0.018886127946127946,0.00041305274601021597,0.9817812091290254
SRP-animal-Xeno.laev._X01055,4,0.003654209703205803,0.004281616161616162,-0.0006274064584103588,0.9817812091290254
SRP-long_bacterial-Baci.amyl._D11416,1,0.023286665392000205,0.02458217712177122,-0.0012955117297710136,0.9060246396252967
SRP-long_bacterial-Baci.amyl._D11416,2,0.01598317206360204,0.013902730627306275,0.0020804414362957657,0.9060246396252967
SRP-long_bacterial-Baci.amyl._D11416,3,0.019398396283833382,0.018113726937269373,0.0012846693465640088,0.9060246396252967
SRP-long_bacterial-Baci.amyl._D11416,4,0.0034687390569945135,0.006078819188191881,-0.002610080131197368,0.9060246396252967
SRP-animal-Homo.sapi._X04249,1,0.023978561483531148,0.030043377926421404,-0.006064816442890256,0.7008994035289301
SRP-animal-Homo.sapi._X04249,2,0.015297682267205952,0.010521872909698995,0.004775809357506957,0.7008994035289301
SRP-animal-Homo.sapi._X04249,3,0.019219754841851233,0.0191238127090301,9.59421328211342e-05,0.7008994035289301
SRP-animal-Homo.sapi._X04249,4,0.0037986713649228263,0.003608561872909698,0.00019010949201312853,0.7008994035289301
SRP-animal-Phak.pach._GSP-170000-2,1,0.02419635040308359,0.033941818181818184,-0.009745467778734595,0.9700338757667077
SRP-animal-Phak.pach._GSP-170000-2,2,0.01505624159827753,0.007904415584415583,0.007151826013861946,0.9700338757667077
SRP-animal-Phak.pach._GSP-170000-2,3,0.019132919200792665,0.01960155844155844,-0.00046863924076577523,0.9700338757667077
SRP-animal-Phak.pach._GSP-170000-2,4,0.003966695198139022,0.0023553246753246753,0.0016113705228143465,0.9700338757667077
SRP-long_bacterial-Baci.subt._X14796,1,0.023262023992890027,0.02475185185185185,-0.0014898278589618244,0.9817173409745175
SRP-long_bacterial-Baci.subt._X14796,2,0.016000616776400224,0.013762962962962965,0.0022376538134372594,0.9817173409745175
SRP-long_bacterial-Baci.subt._X14796,3,0.019396449842221827,0.018103703703703705,0.0012927461385181215,0.9817173409745175
SRP-long_bacterial-Baci.subt._X14796,4,0.0034744100732193965,0.0060888888888888885,-0.002614478815669492,0.9817173409745175
SRP-small_bacterial-Lact.delb._AF496545,1,0.022641751752734855,0.02895090909090909,-0.006309157338174234,0.9226593806340768
SRP-small_bacterial-Lact.delb._AF496545,2,0.016441777124386076,0.007383636363636365,0.00905814076074971,0.9226593806340768
SRP-small_bacterial-Lact.delb._AF496545,3,0.01934988972775403,0.014373636363636363,0.0049762533641176665,0.9226593806340768
SRP-small_bacterial-Lact.delb._AF496545,4,0.0036120536835651065,0.01363909090909091,-0.010027037225525804,0.9226593806340768
SRP-animal-Mus.musc._AC099934,1,0.023727739405013187,0.029284370860927153,-0.005556631455913966,0.8687327505611574
SRP-animal-Mus.musc._AC099934,2,0.015526947782040373,0.011119735099337748,0.004407212682702624,0.8687327505611574
SRP-animal-Mus.musc._AC099934,3,0.019261581806291072,0.019136026490066224,0.0001255553162248478,0.8687327505611574
SRP-animal-Mus.musc._AC099934,4,0.00372715173487271,0.003631920529801324,9.523120507138596e-05,0.8687327505611574
SRP-plant-Heli.annu._AJ828095,1,0.022481503617980715,0.029173749999999995,-0.00669224638201928,0.9605313273724584
SRP-plant-Heli.annu._AJ828095,2,0.016610772477522323,0.00677875,0.009832022477522323,0.9605313273724584
SRP-plant-Heli.annu._AJ828095,3,0.01940346283210496,0.013858124999999999,0.005545337832104962,0.9605313273724584
SRP-plant-Heli.annu._AJ828095,4,0.003510061570232781,0.014705625,-0.011195563429767219,0.9605313273724584
SRP-archael-Ther.acid._AL445063,1,0.023997992494402907,0.03031649842271294,-0.006318505928310032,0.9899703242466252
SRP-archael-Ther.acid._AL445063,2,0.015262279320238362,0.010661072555205046,0.004601206765033316,0.9899703242466252
SRP-archael-Ther.acid._AL445063,3,0.019195479953579186,0.019541892744479494,-0.00034641279090030785,0.9899703242466252
SRP-archael-Ther.acid._AL445063,4,0.0038483167105982994,0.0027143217665615135,0.001133994944036786,0.9899703242466252
SRP-fungal-Cand.albi._GSP-237561,1,0.022728277238458862,0.01896923076923077,0.0037590464692280924,0.9761620461470586
SRP-fungal-Cand.albi._GSP-237561,2,0.016543196911908822,0.017707692307692306,-0.0011644953957834839,0.9761620461470586
SRP-fungal-Cand.albi._GSP-237561,3,0.019550682999699462,0.017469230769230768,0.0020814522304686937,0.9761620461470586
SRP-fungal-Cand.albi._GSP-237561,4,0.003185453243310237,0.0077923076923076895,-0.004606854448997453,0.9761620461470586
SRP-long_bacterial-Baci.cere._AE017194,1,0.023352073314082965,0.025703234200743497,-0.002351160886660531,0.9440920740047778
SRP-long_bacterial-Baci.cere._AE017194,2,0.01591052436887289,0.013064832713754648,0.002845691655118242,0.9440920740047778
SRP-long_bacterial-Baci.cere._AE017194,3,0.019372154422040405,0.018149516728624533,0.001222637693415872,0.9440920740047778
SRP-long_bacterial-Baci.cere._AE017194,4,0.003519542449651865,0.005931449814126393,-0.0024119073644745283,0.9440920740047778
SRP-protozoan-Leis.aeth._AY722730,1,0.022721385443882986,0.03550137931034483,-0.012779993866461847,0.9944970945670801
SRP-protozoan-Leis.aeth._AY722730,2,0.01630287793544448,0.0021475862068965528,0.014155291728547927,0.9944970945670801
SRP-protozoan-Leis.aeth._AY722730,3,0.019257787178921938,0.014177241379310345,0.005080545799611593,0.9944970945670801
SRP-protozoan-Leis.aeth._AY722730,4,0.003800034273622847,0.013628275862068965,-0.009828241588446118,0.9944970945670801
SRP-animal-Fugu.rubr._U40756,1,0.02374670554038348,0.028811677852348994,-0.005064972311965513,0.9995763906152304
SRP-animal-Fugu.rubr._U40756,2,0.015513479388107439,0.011383087248322148,0.004130392139785291,0.9995763906152304
SRP-animal-Fugu.rubr._U40756,3,0.019263030538482072,0.019013691275167784,0.00024933926331428824,0.9995763906152304
SRP-animal-Fugu.rubr._U40756,4,0.003722890448964468,0.003918926174496644,-0.00019603572553217622,0.9995763906152304
SRP-plant-Lyco.escu._Z29110,1,0.02315621230724333,0.023057372262773723,9.88400444696079e-05,0.9748519900169127
SRP-plant-Lyco.escu._Z29110,2,0.01612082964786389,0.015047591240875914,0.001073238406987977,0.9748519900169127
SRP-plant-Lyco.escu._Z29110,3,0.01944210824837002,0.018071240875912407,0.0013708673724576112,0.9748519900169127
SRP-plant-Lyco.escu._Z29110,4,0.003385501265853615,0.006266277372262773,-0.0028807761064091582,0.9748519900169127
SRP-small_bacterial-Yers.pest._CP000308,1,0.022697971800345586,0.03456692307692308,-0.011868951276577493,0.8446466836523141
SRP-small_bacterial-Yers.pest._CP000308,2,0.016331763024117214,0.0039107692307692316,0.012420993793347983,0.8446466836523141
SRP-small_bacterial-Yers.pest._CP000308,3,0.0192706144983049,0.015416923076923078,0.003853691421381821,0.8446466836523141
SRP-small_bacterial-Yers.pest._CP000308,4,0.003774648839015817,0.01108923076923077,-0.0073145819302149525,0.8446466836523141
SRP-animal-Caen.brig._AC084446,1,0.02389841329874423,0.030979832775919734,-0.0070814194771755025,0.9911727559725411
SRP-animal-Caen.brig._AC084446,2,0.015341550949987365,0.009852976588628763,0.005488574361358602,0.9911727559725411
SRP-animal-Caen.brig._AC084446,3,0.019198076869979604,0.019190702341137122,7.374528842481187e-06,0.9911727559725411
SRP-animal-Caen.brig._AC084446,4,0.0038492960275431443,0.0034078929765886277,0.0004414030509545166,0.9911727559725411
SRP-small_bacterial-Heli.pylo._AE000511,1,0.022017143982315437,0.021812912621359225,0.000204231360956212,0.9838613883132609
SRP-small_bacterial-Heli.pylo._AE000511,2,0.017173390181887464,0.012760776699029126,0.004412613482858338,0.9838613883132609
SRP-small_bacterial-Heli.pylo._AE000511,3,0.01964563658515698,0.014195922330097085,0.005449714255059895,0.9838613883132609
SRP-small_bacterial-Heli.pylo._AE000511,4,0.0030322365806504962,0.014472233009708738,-0.011439996429058241,0.9838613883132609
SRP-plant-Trit.aest._CJ679223,1,0.02377445935379653,0.031876764705882354,-0.008102305352085823,0.9724874510960353
SRP-plant-Trit.aest._CJ679223,2,0.015434917458406965,0.00871088235294118,0.006724035105465785,0.9724874510960353
SRP-plant-Trit.aest._CJ679223,3,0.01919497945006664,0.018656911764705884,0.0005380676853607574,0.9724874510960353
SRP-plant-Trit.aest._CJ679223,4,0.0038637876463895253,0.004469264705882353,-0.0006054770594928279,0.9724874510960353
SRP-small_bacterial-Proc.mari._AJ237851,1,0.022729763214743817,0.03286108910891089,-0.010131325894167074,0.9918673620656997
SRP-small_bacterial-Proc.mari._AJ237851,2,0.016315943447651506,0.004832079207920792,0.011483864239730714,0.9918673620656997
SRP-small_bacterial-Proc.mari._AJ237851,3,0.019281098616578774,0.014940792079207921,0.004340306537370853,0.9918673620656997
SRP-small_bacterial-Proc.mari._AJ237851,4,0.003750614951383609,0.012197623762376238,-0.00844700881099263,0.9918673620656997
SRP-long_bacterial-Alka.meta._CP000724,1,0.022814056281287097,0.02655,-0.0037359437187129037,0.9910901687881821
SRP-long_bacterial-Alka.meta._CP000724,2,0.01635988265234662,0.010714285714285716,0.005645596938060904,0.9910901687881821
SRP-long_bacterial-Alka.meta._CP000724,3,0.019411296652832123,0.016128571428571426,0.003282725224260697,0.9910901687881821
SRP-long_bacterial-Alka.meta._CP000724,4,0.0034721808065592778,0.010114285714285715,-0.006642104907726437,0.9910901687881821
SRP-long_bacterial-Baci.mega._D11414,1,0.02330445775463822,0.025270370370370374,-0.001965912615732153,0.9735270596211362
SRP-long_bacterial-Baci.mega._D11414,2,0.015966239584131993,0.013392592592592593,0.0025736469915394,0.9735270596211362
SRP-long_bacterial-Baci.mega._D11414,3,0.019394631277669577,0.018140740740740742,0.0012538905369288353,0.9735270596211362
SRP-long_bacterial-Baci.mega._D11414,4,0.0034754855303935845,0.005977777777777776,-0.002502292247384192,0.9735270596211362
SRP-protozoan-Leis.dono._AY781793,1,0.023346569730692122,0.038541159420289864,-0.015194589689597741,0.9756863582751584
SRP-protozoan-Leis.dono._AY781793,2,0.015664836033461495,0.0014620289855072459,0.01420280704795425,0.9756863582751584
SRP-protozoan-Leis.dono._AY781793,3,0.019074138098996808,0.016165797101449275,0.002908340997547533,0.9756863582751584
SRP-protozoan-Leis.dono._AY781793,4,0.004144770454962035,0.009262608695652173,-0.005117838240690138,0.9756863582751584
SRP-plant-Bras.oler._GSP-109376,1,0.02344326795060166,0.023781025641025636,-0.00033775769042397596,0.9902015273395263
SRP-plant-Bras.oler._GSP-109376,2,0.015862053391722378,0.015236410256410258,0.0006256431353121195,0.9902015273395263
SRP-plant-Bras.oler._GSP-109376,3,0.01939854176760898,0.018964358974358973,0.00043418279325000905,0.9902015273395263
SRP-plant-Bras.oler._GSP-109376,4,0.0034583306194907425,0.004346923076923077,-0.0008885924574323347,0.9902015273395263
SRP-fungal-Podo.anse._GSP-5145,1,0.023440811779568957,0.025735,-0.002294188220431044,0.9967052175279423
SRP-fungal-Podo.anse._GSP-5145,2,0.015832941945276235,0.013394999999999999,0.0024379419452762365,0.9967052175279423
SRP-fungal-Podo.anse._GSP-5145,3,0.01936156473127762,0.0185725,0.0007890647312776208,0.9967052175279423
SRP-fungal-Podo.anse._GSP-5145,4,0.003536021577671517,0.005042500000000001,-0.0015064784223284841,0.9967052175279423
SRP-protozoan-Eime.tene._CD666347,1,0.024283376160709025,0.03767349442379182,-0.013390118263082798,0.9974641141514845
SRP-protozoan-Eime.tene._CD666347,2,0.014904637511194072,0.0045146468401486995,0.010389990671045372,0.9974641141514845
SRP-protozoan-Eime.tene._CD666347,3,0.019032491950155106,0.01900453531598513,2.795663416997607e-05,0.9974641141514845
SRP-protozoan-Eime.tene._CD666347,4,0.004171653900596783,0.003366394052044609,0.0008052598485521738,0.9974641141514845
SRP-plant-Oryz.sati._AP003253,1,0.023736185994492447,0.026843647798742137,-0.00310746180424969,0.9796524083980672
SRP-plant-Oryz.sati._AP003253,2,0.01555661732277424,0.013160251572327045,0.002396365750447195,0.9796524083980672
SRP-plant-Oryz.sati._AP003253,3,0.019304753879762312,0.019315974842767297,-1.122096300498407e-05,0.9796524083980672
SRP-plant-Oryz.sati._AP003253,4,0.0036360847040795155,0.0034120754716981134,0.00022400923238140216,0.9796524083980672
SRP-protozoan-Leis.braz._AY722725,1,0.023524404908394247,0.037664532374100716,-0.014140127465706469,0.9842241200973332
SRP-protozoan-Leis.braz._AY722725,2,0.015546932223539964,0.0021067625899280594,0.013440169633611904,0.9842241200973332
SRP-protozoan-Leis.braz._AY722725,3,0.0190977160281231,0.016125323741007194,0.0029723922871159048,0.9842241200973332
SRP-protozoan-Leis.braz._AY722725,4,0.004083859624361616,0.009404028776978416,-0.0053201691526168,0.9842241200973332
SRP-long_bacterial-Stap.aure._CP000253,1,0.02294320211621006,0.02086296296296296,0.0020802391532470967,0.9945474336163803
SRP-long_bacterial-Stap.aure._CP000253,2,0.016344720384336885,0.016540740740740745,-0.00019602035640385942,0.9945474336163803
SRP-long_bacterial-Stap.aure._CP000253,3,0.019512430103980183,0.017825925925925926,0.0016865041780542572,0.9945474336163803
SRP-long_bacterial-Stap.aure._CP000253,4,0.0032517948067376868,0.006922222222222222,-0.003670427415484535,0.9945474336163803
SRP-plant-Trit.aest._CJ572413,1,0.023812985099993873,0.031876764705882354,-0.008063779605888482,0.9985254385894088
SRP-plant-Trit.aest._CJ572413,2,0.015401575148980308,0.00871088235294118,0.0066906927960391285,0.9985254385894088
SRP-plant-Trit.aest._CJ572413,3,0.019190787385317015,0.018656911764705884,0.0005338756206111316,0.9985254385894088
SRP-plant-Trit.aest._CJ572413,4,0.0038700919275614985,0.004469264705882353,-0.0005991727783208546,0.9985254385894088
SRP-small_bacterial-Esch.coli._U82664,1,0.02310386215617398,0.03476508474576272,-0.011661222589588738,0.9948241595842858
SRP-small_bacterial-Esch.coli._U82664,2,0.015944933417741575,0.0037877966101694917,0.012157136807572085,0.9948241595842858
SRP-small_bacterial-Esch.coli._U82664,3,0.019184062603775538,0.01545322033898305,0.003730842264792488,0.9948241595842858
SRP-small_bacterial-Esch.coli._U82664,4,0.003929942143298126,0.011000338983050847,-0.007070396839752722,0.9948241595842858
SRP-long_bacterial-Stap.aure._AP009351,1,0.022895356565683613,0.02086296296296296,0.0020323936027206516,0.981099154329608
SRP-long_bacterial-Stap.aure._AP009351,2,0.016367928830897712,0.016540740740740745,-0.00017281190984303266,0.981099154329608
SRP-long_bacterial-Stap.aure._AP009351,3,0.019495936589778294,0.017825925925925926,0.0016700106638523685,0.981099154329608
SRP-long_bacterial-Stap.aure._AP009351,4,0.0032894647913885053,0.006922222222222222,-0.0036327574308337167,0.981099154329608
SRP-plant-Lotu.corn._AP006123,1,0.023330075252143243,0.02387342105263158,-0.000543345800488336,0.8669827542115796
SRP-plant-Lotu.corn._AP006123,2,0.015964117389725606,0.01502184210526316,0.000942275284462446,0.8669827542115796
SRP-plant-Lotu.corn._AP006123,3,0.01941574788972813,0.018793815789473686,0.0006219321002544423,0.8669827542115796
SRP-plant-Lotu.corn._AP006123,4,0.0034295560213995204,0.004698552631578947,-0.0012689966101794266,0.8669827542115796
SRP-protozoan-Leis.dono._AY722735,1,0.023646616658925916,0.038541159420289864,-0.014894542761363948,0.9565482918143621
SRP-protozoan-Leis.dono._AY722735,2,0.01541170686974735,0.0014620289855072459,0.013949677884240104,0.9565482918143621
SRP-protozoan-Leis.dono._AY722735,3,0.019049296645245753,0.016165797101449275,0.0028834995437964778,0.9565482918143621
SRP-protozoan-Leis.dono._AY722735,4,0.004177499507779813,0.009262608695652173,-0.00508510918787236,0.9565482918143621
SRP-long_bacterial-Baci.cere._AE016877,1,0.023424845530561764,0.026744126394052044,-0.00331928086349028,0.9667035082736309
SRP-long_bacterial-Baci.cere._AE016877,2,0.015825795469119313,0.012321338289962826,0.0035044571791564873,0.9667035082736309
SRP-long_bacterial-Baci.cere._AE016877,3,0.019338305856776185,0.018223866171003716,0.0011144396857724684,0.9667035082736309
SRP-long_bacterial-Baci.cere._AE016877,4,0.003585820266078211,0.005708401486988847,-0.002122581220910636,0.9667035082736309
SRP-protozoan-Leis.braz._AY722726,1,0.023464586715039395,0.037664532374100716,-0.014199945659061321,0.9962335977401751
SRP-protozoan-Leis.braz._AY722726,2,0.015584993308013082,0.0021067625899280594,0.013478230718085023,0.9962335977401751
SRP-protozoan-Leis.braz._AY722726,3,0.019087879758051957,0.016125323741007194,0.002962556017044763,0.9962335977401751
SRP-protozoan-Leis.braz._AY722726,4,0.0041083432998885155,0.009404028776978416,-0.0052956854770899,0.9962335977401751
SRP-small_bacterial-Stre.pyog._CP000056,1,0.02252018290783276,0.02634571428571428,-0.0038255313778815213,0.9118011844103754
SRP-small_bacterial-Stre.pyog._CP000056,2,0.016613320099434968,0.009430204081632653,0.007183116017802315,0.9118011844103754
SRP-small_bacterial-Stre.pyog._CP000056,3,0.019442204341171925,0.014408979591836735,0.0050332247493351905,0.9118011844103754
SRP-small_bacterial-Stre.pyog._CP000056,4,0.003426333935747077,0.013733061224489796,-0.010306727288742719,0.9118011844103754
SRP-small_bacterial-Lact.plan._AL935253,1,0.022054228977184866,0.024146666666666664,-0.002092437689481797,0.9960885120469529
SRP-small_bacterial-Lact.plan._AL935253,2,0.017046649595851813,0.010740952380952382,0.006305697214899431,0.9960885120469529
SRP-small_bacterial-Lact.plan._AL935253,3,0.01952875511245549,0.013941904761904763,0.005586850350550728,0.9960885120469529
SRP-small_bacterial-Lact.plan._AL935253,4,0.003274918056000749,0.014854285714285714,-0.011579367658284965,0.9960885120469529
SRP-protozoan-Leis.trop._AY722722,1,0.023493310125484095,0.03903970149253732,-0.015546391367053224,0.9979377693418074
SRP-protozoan-Leis.trop._AY722722,2,0.015523442444243899,0.0010316417910447772,0.014491800653199122,0.9979377693418074
SRP-protozoan-Leis.trop._AY722722,3,0.019041006107045337,0.016112835820895524,0.002928170286149813,0.9979377693418074
SRP-protozoan-Leis.trop._AY722722,4,0.004204773638422089,0.009341492537313433,-0.005136718898891344,0.9979377693418074
SRP-fungal-Cand.dubl._GSP-42374,1,0.02257174027679084,0.017718365019011407,0.004853375257779433,0.9797927998201671
SRP-fungal-Cand.dubl._GSP-42374,2,0.01670134101153797,0.018656882129277567,-0.0019555411177395975,0.9797927998201671
SRP-fungal-Cand.dubl._GSP-42374,3,0.01959474376925604,0.01744631178707224,0.002148431982183799,0.9797927998201671
SRP-fungal-Cand.dubl._GSP-42374,4,0.003103166917573415,0.007921064638783271,-0.004817897721209856,0.9797927998201671
SRP-plant-Zea.mays._X14661,1,0.023824681433426833,0.028487272727272726,-0.004662591293845893,0.9457455505599821
SRP-plant-Zea.mays._X14661,2,0.015453915327898733,0.011800519480519482,0.0036533958473792504,0.9457455505599821
SRP-plant-Zea.mays._X14661,3,0.019263989598734793,0.01921194805194805,5.204154678674355e-05,0.9457455505599821
SRP-plant-Zea.mays._X14661,4,0.003715848813399511,0.003524155844155845,0.00019169296924366605,0.9457455505599821
SRP-fungal-Kluy.walt._AADM01000319,1,0.023681439302199514,0.018266107055961076,0.005415332246238438,0.9483842606114133
SRP-fungal-Kluy.walt._AADM01000319,2,0.01576988645798044,0.021014209245742092,-0.005244322787761654,0.9483842606114133
SRP-fungal-Kluy.walt._AADM01000319,3,0.01950850090193006,0.020762579075425787,-0.001254078173495727,0.9483842606114133
SRP-fungal-Kluy.walt._AADM01000319,4,0.003212405250649906,0.0009322627737226293,0.002280142476927277,0.9483842606114133
SRP-archael-Halo.volc._AF395888,1,0.024098030132780064,0.03340169934640523,-0.009303669213625167,0.9752714112419395
SRP-archael-Halo.volc._AF395888,2,0.01511411516665386,0.008253071895424836,0.006861043271229024,0.9752714112419395
SRP-archael-Halo.volc._AF395888,3,0.019111165128961195,0.019518692810457518,-0.00040752768149632246,0.9752714112419395
SRP-archael-Halo.volc._AF395888,4,0.004018651817805239,0.0025639215686274496,0.0014547302491777895,0.9752714112419395
SRP-animal-Homo.sapi._X01037,1,0.02386409920582927,0.030043377926421404,-0.006179278720592134,0.9929439970570946
SRP-animal-Homo.sapi._X01037,2,0.01538704705113798,0.010521872909698995,0.004865174141438985,0.9929439970570946
SRP-animal-Homo.sapi._X01037,3,0.019220647674045372,0.0191238127090301,9.683496501527306e-05,0.9929439970570946
SRP-animal-Homo.sapi._X01037,4,0.0038041839604965252,0.003608561872909698,0.00019562208758682744,0.9929439970570946
SRP-protozoan-Phyt.soja._GSP-67593,1,0.02350352484098228,0.024661111111111113,-0.0011575862701288311,0.9808899362607129
SRP-protozoan-Phyt.soja._GSP-67593,2,0.015784840313306816,0.014663492063492062,0.0011213482498147534,0.9808899362607129
SRP-protozoan-Phyt.soja._GSP-67593,3,0.019362101765234077,0.019093650793650795,0.0002684509715832825,0.9808899362607129
SRP-protozoan-Phyt.soja._GSP-67593,4,0.003530849534768404,0.004019047619047618,-0.00048819808427921427,0.9808899362607129
SRP-animal-Phak.pach._GSP-170000-1,1,0.02412195151799659,0.03326,-0.009138048482003409,0.9194208179569803
SRP-animal-Phak.pach._GSP-170000-1,2,0.015141778029956216,0.008391428571428572,0.006750349458527644,0.9194208179569803
SRP-animal-Phak.pach._GSP-170000-1,3,0.019166229052329255,0.019552857142857143,-0.00038662809052788724,0.9194208179569803
SRP-animal-Phak.pach._GSP-170000-1,4,0.003901651889116292,0.002501428571428572,0.0014002233176877202,0.9194208179569803
SRP-fungal-Schi.japo._GSP-402676,1,0.02361591597367907,0.030052645914396887,-0.006436729940717818,0.9668470288882577
SRP-fungal-Schi.japo._GSP-402676,2,0.015594842294483895,0.009735252918287939,0.0058595893761959564,0.9668470288882577
SRP-fungal-Schi.japo._GSP-402676,3,0.01923931132681916,0.018194474708171204,0.0010448366186479562,0.9668470288882577
SRP-fungal-Schi.japo._GSP-402676,4,0.0037810623164321383,0.005556575875486381,-0.0017755135590542424,0.9668470288882577
SRP-small_bacterial-Lact.lact._AM406671,1,0.022307333725319345,0.03475333333333334,-0.012445999608013993,0.974465863059645
SRP-small_bacterial-Lact.lact._AM406671,2,0.016624066763003677,0.002273333333333335,0.014350733429670342,0.974465863059645
SRP-small_bacterial-Lact.lact._AM406671,3,0.01925854150233762,0.013636666666666663,0.005621874835670957,0.974465863059645
SRP-small_bacterial-Lact.lact._AM406671,4,0.003825165641852129,0.01481,-0.010984834358147871,0.974465863059645
SRP-small_bacterial-Trop.whip._AE014184,1,0.02302050027406082,0.03873449438202247,-0.015713994107961652,0.8914863874566545
SRP-small_bacterial-Trop.whip._AE014184,2,0.01606367936879175,0.00041393258426966357,0.01564974678452209,0.8914863874566545
SRP-small_bacterial-Trop.whip._AE014184,3,0.019248694885000146,0.015094606741573032,0.004154088143427114,0.8914863874566545
SRP-small_bacterial-Trop.whip._AE014184,4,0.003799801029899,0.011496179775280897,-0.007696378745381897,0.8914863874566545
SRP-long_bacterial-Stap.aure._CP000255,1,0.02291104425108297,0.02086296296296296,0.0020480812881200072,0.9968955021389245
SRP-long_bacterial-Stap.aure._CP000255,2,0.016366990270126384,0.016540740740740745,-0.00017375047061436028,0.9968955021389245
SRP-long_bacterial-Stap.aure._CP000255,3,0.01950929847691958,0.017825925925925926,0.001683372550993656,0.9968955021389245
SRP-long_bacterial-Stap.aure._CP000255,4,0.0032604358225181047,0.006922222222222222,-0.0036617863997041172,0.9968955021389245
SRP-animal-Homo.sapi._BF908765,1,0.023653578750394984,0.02985,-0.006196421249605018,0.9562290871147271
SRP-animal-Homo.sapi._BF908765,2,0.015566530840338405,0.010307142857142858,0.005259387983195547,0.9562290871147271
SRP-animal-Homo.sapi._BF908765,3,0.019240321002306538,0.018689285714285714,0.0005510352880208243,0.9562290871147271
SRP-animal-Homo.sapi._BF908765,4,0.0037765153983640295,0.004532142857142854,-0.0007556274587788249,0.9562290871147271
SRP-plant-Zea.mays._CB179518,1,0.0236441589718369,0.027060358306188925,-0.0034161993343520235,0.9914009730626449
SRP-plant-Zea.mays._CB179518,2,0.015625828666117624,0.012801172638436482,0.002824656027681142,0.9914009730626449
SRP-plant-Zea.mays._CB179518,3,0.019302327075912756,0.019087882736156348,0.00021444433975640817,0.9914009730626449
SRP-plant-Zea.mays._CB179518,4,0.0036471103910321566,0.0038763517915309455,-0.0002292414004987889,0.9914009730626449
SRP-animal-Dros.mela._AE014297,1,0.02341036297600316,0.0248928762541806,-0.0014825132781774407,0.9763219724973285
SRP-animal-Dros.mela._AE014297,2,0.01587004667978023,0.014200802675585284,0.0016692440041949468,0.9763219724973285
SRP-animal-Dros.mela._AE014297,3,0.01937769840374088,0.018755919732441468,0.0006217786712994118,0.9763219724973285
SRP-animal-Dros.mela._AE014297,4,0.0035041573485431166,0.004712240802675584,-0.0012080834541324677,0.9763219724973285
SRP-plant-Lyco.escu._X13958,1,0.023155064738124686,0.021403576158940396,0.0017514885791842898,0.9851987850210687
SRP-plant-Lyco.escu._X13958,2,0.016142449002882815,0.016748874172185433,-0.0006064251693026178,0.9851987850210687
SRP-plant-Lyco.escu._X13958,3,0.019466825877090754,0.018573112582781454,0.0008937132943093,0.9851987850210687
SRP-plant-Lyco.escu._X13958,4,0.003333748016543594,0.005320662251655629,-0.001986914235112035,0.9851987850210687
SRP-fungal-Phak.pach._GSP-170000-2,1,0.024176786333892614,0.033941818181818184,-0.00976503184792557,0.9779274971868632
SRP-fungal-Phak.pach._GSP-170000-2,2,0.015021623242269667,0.007904415584415583,0.007117207657854084,0.9779274971868632
SRP-fungal-Phak.pach._GSP-170000-2,3,0.019073584327837782,0.01960155844155844,-0.0005279741137206584,0.9779274971868632
SRP-fungal-Phak.pach._GSP-170000-2,4,0.00409236922654061,0.0023553246753246753,0.001737044551215935,0.9779274971868632
SRP-long_bacterial-Stap.aure._BX571857,1,0.022051949858465623,0.02454425742574257,-0.002492307567276947,0.9929384490031894
SRP-long_bacterial-Stap.aure._BX571857,2,0.01700784458098595,0.010772673267326734,0.006235171313659218,0.9929384490031894
SRP-long_bacterial-Stap.aure._BX571857,3,0.019480383792836127,0.014346732673267326,0.0051336511195688005,0.9929384490031894
SRP-long_bacterial-Stap.aure._BX571857,4,0.0033764888306038873,0.013979801980198022,-0.010603313149594135,0.9929384490031894
SRP-animal-Dros.moja._GSP-7230,1,0.023388260538139048,0.02450750841750842,-0.0011192478793693728,0.9990865351332435
SRP-animal-Dros.moja._GSP-7230,2,0.01589434498658566,0.01443892255892256,0.0014554224276631025,0.9990865351332435
SRP-animal-Dros.moja._GSP-7230,3,0.01938626721151895,0.018684107744107743,0.0007021594674112078,0.9990865351332435
SRP-animal-Dros.moja._GSP-7230,4,0.003487616457257753,0.004887676767676767,-0.0014000603104190141,0.9990865351332435
SRP-animal-Homo.sapi._AA559987,1,0.023789625088195536,0.02986694444444445,-0.0060773193562489135,0.9839139128187271
SRP-animal-Homo.sapi._AA559987,2,0.01545556036245552,0.010443611111111112,0.005011949251344409,0.9839139128187271
SRP-animal-Homo.sapi._AA559987,3,0.019233591282800534,0.01886763888888889,0.0003659523939116456,0.9839139128187271
SRP-animal-Homo.sapi._AA559987,4,0.0037818489174701324,0.004157083333333334,-0.0003752344158632014,0.9839139128187271
SRP-plant-Prun.arme._CB819242,1,0.0221302935469186,0.03269149253731343,-0.010561198990394833,0.8467646085653213
SRP-plant-Prun.arme._CB819242,2,0.016865008628737806,0.004321791044776119,0.012543217583961687,0.8467646085653213
SRP-plant-Prun.arme._CB819242,3,0.019382396639112235,0.01417582089552239,0.005206575743589846,0.8467646085653213
SRP-plant-Prun.arme._CB819242,4,0.0035768913343183022,0.013812537313432835,-0.010235645979114532,0.8467646085653213
SRP-plant-Zea.mays._CF602412,1,0.023629487283768832,0.027725181518151815,-0.004095694234382982,0.8688619304824924
SRP-plant-Zea.mays._CF602412,2,0.015642455043245233,0.012252013201320132,0.003390441841925102,0.8688619304824924
SRP-plant-Zea.mays._CF602412,3,0.019308607736579005,0.019046798679867985,0.00026180905671101956,0.8688619304824924
SRP-plant-Zea.mays._CF602412,4,0.003634887824349263,0.0039196039603960385,-0.00028471613604677537,0.8688619304824924
SRP-fungal-Gibb.zeae._GSP-229533,1,0.023625056999284983,0.02740228187919463,-0.0037772248799096478,0.9948214370218706
SRP-fungal-Gibb.zeae._GSP-229533,2,0.01564563474016569,0.012389798657718122,0.0032558360824475694,0.9948214370218706
SRP-fungal-Gibb.zeae._GSP-229533,3,0.019308309420306757,0.018913020134228187,0.0003952892860785706,0.9948214370218706
SRP-fungal-Gibb.zeae._GSP-229533,4,0.003635799151015827,0.004220939597315437,-0.0005851404462996097,0.9948214370218706
SRP-protozoan-Enta.inva._GSP-370355,1,0.022565117746166926,0.0176080073800738,0.004957110366093125,0.928360349422932
SRP-protozoan-Enta.inva._GSP-370355,2,0.016717080231739196,0.01888428044280443,-0.0021672002110652323,0.928360349422932
SRP-protozoan-Enta.inva._GSP-370355,3,0.019607396657381575,0.017615571955719556,0.00199182470166202,0.928360349422932
SRP-protozoan-Enta.inva._GSP-370355,4,0.003077063928318184,0.007573284132841326,-0.004496220204523142,0.928360349422932
SRP-long_bacterial-Stap.epid._AF269814,1,0.02209410503178709,0.025237326732673263,-0.0031432217008861736,0.9904697117319314
SRP-long_bacterial-Stap.epid._AF269814,2,0.016955868001905135,0.01027762376237624,0.006678244239528895,0.9904697117319314
SRP-long_bacterial-Stap.epid._AF269814,3,0.019457324185459587,0.014396237623762376,0.005061086561697211,0.9904697117319314
SRP-long_bacterial-Stap.epid._AF269814,4,0.0034221199316629945,0.013831287128712873,-0.010409167197049879,0.9904697117319314
SRP-long_bacterial-Baci.subt._X06803,1,0.02186184109534765,0.025108113207547172,-0.003246272112199522,0.9990927790681319
SRP-long_bacterial-Baci.subt._X06803,2,0.017172856764654562,0.009478490566037737,0.0076943661986168255,0.9990927790681319
SRP-long_bacterial-Baci.subt._X06803,3,0.0195016440766398,0.013324150943396224,0.006177493133243577,0.9990927790681319
SRP-long_bacterial-Baci.subt._X06803,4,0.0033441758976683143,0.016087547169811322,-0.012743371272143008,0.9990927790681319
SRP-long_bacterial-Clos.perf._CP000312,1,0.023121961433356004,0.02326597014925373,-0.00014400871589772754,0.991867028436815
SRP-long_bacterial-Clos.perf._CP000312,2,0.016145972360361575,0.014787164179104478,0.0013588081812570974,0.991867028436815
SRP-long_bacterial-Clos.perf._CP000312,3,0.019440469906605883,0.01795328358208955,0.001487186324516332,0.991867028436815
SRP-long_bacterial-Clos.perf._CP000312,4,0.003391146232384056,0.006500149253731343,-0.0031090030213472876,0.991867028436815
SRP-animal-Aede.aegy._GSP-7159,1,0.023522876168558242,0.025272325581395347,-0.001749449412837105,0.9168176687766623
SRP-animal-Aede.aegy._GSP-7159,2,0.01577275921683029,0.013966910299003323,0.0018058489178269677,0.9168176687766623
SRP-animal-Aede.aegy._GSP-7159,3,0.01936556014488987,0.018827308970099668,0.0005382511747902032,0.9168176687766623
SRP-animal-Aede.aegy._GSP-7159,4,0.003522349620807796,0.004538073089700997,-0.0010157234688932008,0.9168176687766623
SRP-plant-Medi.trun._AC136507-1,1,0.02306231984250151,0.023041558935361212,2.0760907140298518e-05,0.9743501821091397
SRP-plant-Medi.trun._AC136507-1,2,0.01618661337146418,0.014854600760456275,0.0013320126110079062,0.9743501821091397
SRP-plant-Medi.trun._AC136507-1,3,0.019433872720593298,0.017826539923954374,0.0016073327966389245,0.9743501821091397
SRP-plant-Medi.trun._AC136507-1,4,0.003408826886336537,0.0067803802281368826,-0.0033715533418003456,0.9743501821091397
SRP-animal-Cion.savi._BW520975,1,0.023666260365969097,0.028496689419795218,-0.004830429053826121,0.9822836633140295
SRP-animal-Cion.savi._BW520975,2,0.015572793288584911,0.011515221843003413,0.004057571445581498,0.9822836633140295
SRP-animal-Cion.savi._BW520975,3,0.019259493874207324,0.01888047781569966,0.00037901605850766337,0.9822836633140295
SRP-animal-Cion.savi._BW520975,4,0.0037354960465995346,0.004218566552901024,-0.0004830705063014898,0.9822836633140295
SRP-protozoan-Leis.infa._AM502223,1,0.024154927741963057,0.033798458781362006,-0.00964353103939895,0.8381426665020713
SRP-protozoan-Leis.infa._AM502223,2,0.015066181026854308,0.007468243727598569,0.007597937299255739,0.8381426665020713
SRP-protozoan-Leis.infa._AM502223,3,0.019106533755369106,0.018949175627240144,0.0001573581281289621,0.8381426665020713
SRP-protozoan-Leis.infa._AM502223,4,0.004024691948938128,0.003732473118279569,0.0002922188306585592,0.8381426665020713
SRP-small_bacterial-Stre.pyog._BA000034,1,0.022118249991002505,0.02596939393939394,-0.003851143948391436,0.9723562894404236
SRP-small_bacterial-Stre.pyog._BA000034,2,0.01698408662604776,0.009717575757575756,0.007266510868472005,0.9723562894404236
SRP-small_bacterial-Stre.pyog._BA000034,3,0.01951325712275155,0.014404242424242424,0.0051090146985091275,0.9723562894404236
SRP-small_bacterial-Stre.pyog._BA000034,4,0.00330328345287562,0.013767272727272727,-0.010463989274397107,0.9723562894404236
SRP-archael-Ther.volc._BA000011,1,0.02394124709850821,0.031213946488294314,-0.007272699389786103,0.9973059561213626
SRP-archael-Ther.volc._BA000011,2,0.015295583930351596,0.009685752508361204,0.0056098314219903914,0.9973059561213626
SRP-archael-Ther.volc._BA000011,3,0.019182808930965245,0.019207424749163877,-2.461581819863251e-05,0.9973059561213626
SRP-archael-Ther.volc._BA000011,4,0.0038785459771046096,0.0033577257525083605,0.0005208202245962491,0.9973059561213626
SRP-small_bacterial-Lact.gass._CP000413,1,0.02200742033208214,0.02457719101123596,-0.002569770679153819,0.9949424302425273
SRP-small_bacterial-Lact.gass._CP000413,2,0.017039872574662038,0.010526292134831462,0.006513580439830576,0.9949424302425273
SRP-small_bacterial-Lact.gass._CP000413,3,0.01947746683786517,0.014083370786516853,0.0053940960513483155,0.9949424302425273
SRP-small_bacterial-Lact.gass._CP000413,4,0.003385477899180635,0.014529887640449438,-0.011144409741268804,0.9949424302425273
SRP-fungal-Phae.nodo._GSP-321614,1,0.02326282152798597,0.024996666666666667,-0.0017338451386806966,0.949942629356829
SRP-fungal-Phae.nodo._GSP-321614,2,0.01599919727735521,0.013476666666666666,0.002522530610688545,0.949942629356829
SRP-fungal-Phae.nodo._GSP-321614,3,0.01939549354883364,0.017988333333333335,0.0014071602155003061,0.949942629356829
SRP-fungal-Phae.nodo._GSP-321614,4,0.0034763637506400368,0.0063149999999999986,-0.0028386362493599618,0.949942629356829
SRP-animal-Brug.mala._GSP-6279,1,0.023706415053727583,0.028295581395348834,-0.004589166341621251,0.9898602615949238
SRP-animal-Brug.mala._GSP-6279,2,0.01555878245594202,0.011807441860465118,0.0037513405954769027,0.9898602615949238
SRP-animal-Brug.mala._GSP-6279,3,0.019279854516294784,0.01904325581395349,0.00023659870234129382,0.9898602615949238
SRP-animal-Brug.mala._GSP-6279,4,0.0036902137526897906,0.0038902325581395337,-0.00020001880544974308,0.9898602615949238
SRP-long_bacterial-Baci.amyl._D13041,1,0.023259998791833963,0.02475185185185185,-0.0014918530600178878,0.9852438300685799
SRP-long_bacterial-Baci.amyl._D13041,2,0.016003085164987156,0.013762962962962965,0.0022401222020241914,0.9852438300685799
SRP-long_bacterial-Baci.amyl._D13041,3,0.019397523504562187,0.018103703703703705,0.0012938198008584818,0.9852438300685799
SRP-long_bacterial-Baci.amyl._D13041,4,0.0034722895038641908,0.0060888888888888885,-0.0026165993850246977,0.9852438300685799
RNaseP-nuclear-K.thermotolerans,1,0.023073780368504063,0.027105799086757993,-0.00403201871825393,0.9932274066921621
RNaseP-nuclear-K.thermotolerans,2,0.01610674852092823,0.011134429223744292,0.00497231929718394,0.9932274066921621
RNaseP-nuclear-K.thermotolerans,3,0.019349228192033555,0.017142557077625572,0.0022066711144079834,0.9932274066921621
RNaseP-nuclear-K.thermotolerans,4,0.0035855679606713103,0.007952328767123287,-0.004366760806451976,0.9932274066921621
RNaseP-a_bacterial-A.tumefaciens,1,0.024176196437608707,0.0269947263681592,-0.0028185299305504945,0.8842073175467842
RNaseP-a_bacterial-A.tumefaciens,2,0.015191041686951696,0.014612338308457713,0.0005787033784939825,0.8842073175467842
RNaseP-a_bacterial-A.tumefaciens,3,0.019275038723004276,0.021186766169154225,-0.0019117274461499488,0.8842073175467842
RNaseP-a_bacterial-A.tumefaciens,4,0.0036700029074033733,-0.0005202985074626871,0.00419030141486606,0.8842073175467842
RNaseP-a_bacterial-L.japonicus-IFO15385,1,0.024048185251740635,0.03052674846625767,-0.006478563214517036,0.9868936043957913
RNaseP-a_bacterial-L.japonicus-IFO15385,2,0.015231813031175346,0.010678036809815952,0.004553776221359393,0.9868936043957913
RNaseP-a_bacterial-L.japonicus-IFO15385,3,0.019205486538777336,0.019756196319018406,-0.0005507097802410696,0.9868936043957913
RNaseP-a_bacterial-L.japonicus-IFO15385,4,0.0038240969185803775,0.002251411042944784,0.0015726858756355934,0.9868936043957913
RNaseP-a_bacterial-S.typhimurium,1,0.0240232728626371,0.02631,-0.002286727137362901,0.9941573634628043
RNaseP-a_bacterial-S.typhimurium,2,0.01532033855364351,0.014599999999999998,0.0007203385536435122,0.9941573634628043
RNaseP-a_bacterial-S.typhimurium,3,0.0192880401487015,0.020539999999999996,-0.0012519598512984974,0.9941573634628043
RNaseP-a_bacterial-S.typhimurium,4,0.003652607890617043,0.0008800000000000014,0.0027726078906170418,0.9941573634628043
RNaseP-a_bacterial-T.pallidum,1,0.023241107861986667,0.01877058823529412,0.004470519626692548,0.9624211182268536
RNaseP-a_bacterial-T.pallidum,2,0.016123234065906242,0.019335294117647058,-0.0032120600517408157,0.9624211182268536
RNaseP-a_bacterial-T.pallidum,3,0.01952334018195282,0.019226470588235293,0.0002968695937175282,0.9624211182268536
RNaseP-a_bacterial-T.pallidum,4,0.003209699111261075,0.004120588235294116,-0.0009108891240330414,0.9624211182268536
RNaseP-vertibrate_nuclear-R.norvegicus,1,0.02406974938614989,0.034138249027237354,-0.010068499641087462,0.8118024935404778
RNaseP-vertibrate_nuclear-R.norvegicus,2,0.0151516330643495,0.006816964980544749,0.008334668083804751,0.8118024935404778
RNaseP-vertibrate_nuclear-R.norvegicus,3,0.019129792702401224,0.018486303501945522,0.0006434892004557012,0.8118024935404778
RNaseP-vertibrate_nuclear-R.norvegicus,4,0.003981418566826473,0.004681089494163423,-0.0006996709273369497,0.8118024935404778
RNaseP-a_bacterial-N.meningitidis-Z2491,1,0.023970864529154885,0.026588888888888888,-0.002618024359734003,0.9986325796371797
RNaseP-a_bacterial-N.meningitidis-Z2491,2,0.01536333545190004,0.014122222222222222,0.0012411132296778187,0.9986325796371797
RNaseP-a_bacterial-N.meningitidis-Z2491,3,0.019290928758023775,0.020227777777777775,-0.0009368490197540005,0.9986325796371797
RNaseP-a_bacterial-N.meningitidis-Z2491,4,0.0036499323119401493,0.001516666666666667,0.0021332656452734823,0.9986325796371797
RNaseP-nuclear-P.strasburgensis,1,0.023386084481320887,0.023032229299363056,0.0003538551819578309,0.9938167269101731
RNaseP-nuclear-P.strasburgensis,2,0.015920645084403218,0.0158084076433121,0.00011223744109111616,0.9938167269101731
RNaseP-nuclear-P.strasburgensis,3,0.01941561635262311,0.01895515923566879,0.00046045711695432215,0.9938167269101731
RNaseP-nuclear-P.strasburgensis,4,0.0034262183263501873,0.00441452229299363,-0.0009883039666434426,0.9938167269101731
RNaseP-nuclear-S.fibuligera,1,0.023006282635407514,0.023142098765432103,-0.00013581613002458873,0.9178439523103091
RNaseP-nuclear-S.fibuligera,2,0.016245689440572895,0.014411358024691357,0.0018343314158815373,0.9178439523103091
RNaseP-nuclear-S.fibuligera,3,0.019452582919520765,0.017390864197530862,0.0020617187219899025,0.9178439523103091
RNaseP-nuclear-S.fibuligera,4,0.003373211127752748,0.0076874074074074076,-0.00431419627965466,0.9178439523103091
RNaseP-a_bacterial-E.coli-JM109,1,0.024104889821087425,0.026766923076923077,-0.0026620332558356524,0.9935799520885276
RNaseP-a_bacterial-E.coli-JM109,2,0.015242085224496922,0.014310769230769233,0.0009313159937276889,0.9935799520885276
RNaseP-a_bacterial-E.coli-JM109,3,0.019270076833288557,0.02061692307692307,-0.001346846243634514,0.9935799520885276
RNaseP-a_bacterial-E.coli-JM109,4,0.0036850072965828647,0.000689230769230771,0.0029957765273520938,0.9935799520885276
RNaseP-yeast_nuclear-S.malidevorans,1,0.02296509722573037,0.020196223776223775,0.0027688734495065932,0.9977814440183345
RNaseP-yeast_nuclear-S.malidevorans,2,0.016336872071521253,0.017314125874125876,-0.0009772538026046225,0.9977814440183345
RNaseP-yeast_nuclear-S.malidevorans,3,0.019523283370564894,0.01813258741258741,0.0013906959579774829,0.9977814440183345
RNaseP-yeast_nuclear-S.malidevorans,4,0.003227625369736157,0.006322237762237764,-0.003094612392501607,0.9977814440183345
RNaseP-a_bacterial-T.tumescens,1,0.024362338038269902,0.034812801302931594,-0.010450463264661692,0.9581577660409692
RNaseP-a_bacterial-T.tumescens,2,0.014878682710173367,0.007263713355048862,0.007614969355124505,0.9581577660409692
RNaseP-a_bacterial-T.tumescens,3,0.01907443372822507,0.019641628664495113,-0.0005671949362700442,0.9581577660409692
RNaseP-a_bacterial-T.tumescens,4,0.0040786171480268,0.0022151140065146584,0.0018635031415121413,0.9581577660409692
RNaseP-nuclear-S.globosus,1,0.022676923803064436,0.013325575221238936,0.0093513485818255,0.9474764792177993
RNaseP-nuclear-S.globosus,2,0.016709322912073263,0.02320601769911505,-0.006496694787041787,0.9474764792177993
RNaseP-nuclear-S.globosus,3,0.019701353136454512,0.018815398230088494,0.0008859549063660183,0.9474764792177993
RNaseP-nuclear-S.globosus,4,0.0028728451136879945,0.005333805309734513,-0.0024609601960465183,0.9474764792177993
RNaseP-yeast_nuclear-S.diastaticus,1,0.023536261567682158,0.019973360433604335,0.003562901134077822,0.9350821315091489
RNaseP-yeast_nuclear-S.diastaticus,2,0.015857505288602997,0.019014742547425474,-0.0031572372588224776,0.9350821315091489
RNaseP-yeast_nuclear-S.diastaticus,3,0.019478959291194784,0.019954525745257454,-0.0004755664540626696,0.9350821315091489
RNaseP-yeast_nuclear-S.diastaticus,4,0.003283713643128217,0.0025164227642276403,0.0007672908789005768,0.9350821315091489
RNaseP-a_bacterial-Wolbachia-sp,1,0.02289455176185313,0.013726666666666667,0.009167885095186462,0.9651405571507442
RNaseP-a_bacterial-Wolbachia-sp,2,0.01649534997617688,0.02308666666666667,-0.00659131669048979,0.9651405571507442
RNaseP-a_bacterial-Wolbachia-sp,3,0.01964711890561377,0.019043333333333332,0.0006037855722804374,0.9651405571507442
RNaseP-a_bacterial-Wolbachia-sp,4,0.0029725215358515737,0.00483,-0.0018574784641484264,0.9651405571507442
RNaseP-a_bacterial-C.tepidum-g,1,0.02363324354569899,0.02123404199475066,0.002399201550948332,0.9635762428736341
RNaseP-a_bacterial-C.tepidum-g,2,0.015743290690323736,0.018337112860892388,-0.002593822170568652,0.9635762428736341
RNaseP-a_bacterial-C.tepidum-g,3,0.019432302172954292,0.020310288713910763,-0.0008779865409564713,0.9635762428736341
RNaseP-a_bacterial-C.tepidum-g,4,0.00337528618279268,0.001689133858267717,0.0016861523245249631,0.9635762428736341
RNaseP-yeast_nuclear-S.kluyveri,1,0.023341312604219663,0.02117,0.002171312604219662,0.9606089992788235
RNaseP-yeast_nuclear-S.kluyveri,2,0.015994538031596763,0.01754714285714286,-0.0015526048255460959,0.9606089992788235
RNaseP-yeast_nuclear-S.kluyveri,3,0.01946239159541429,0.019309285714285713,0.00015310588112857695,0.9606089992788235
RNaseP-yeast_nuclear-S.kluyveri,4,0.0033310297125687697,0.003792142857142858,-0.00046111314457408835,0.9606089992788235
RNaseP-a_bacterial-Y.pestis,1,0.023992831068220435,0.02658124668435013,-0.002588415616129696,0.8501327169727209
RNaseP-a_bacterial-Y.pestis,2,0.015354689295540647,0.014443395225464194,0.0009112940700764533,0.8501327169727209
RNaseP-a_bacterial-Y.pestis,3,0.019300896684578857,0.020603660477453576,-0.0013027637928747192,0.8501327169727209
RNaseP-a_bacterial-Y.pestis,4,0.0036276146247075274,0.0007290185676392586,0.0028985960570682688,0.8501327169727209
RNaseP-nuclear-S.unisporus,1,0.022581305952349695,0.018089836065573774,0.0044914698867759215,0.9866326304659997
RNaseP-nuclear-S.unisporus,2,0.016706505403349826,0.018038688524590164,-0.0013321831212403379,0.9866326304659997
RNaseP-nuclear-S.unisporus,3,0.019609731167701434,0.01705213114754098,0.0025576000201604533,0.9866326304659997
RNaseP-nuclear-S.unisporus,4,0.0030711245869260435,0.008723606557377049,-0.005652481970451005,0.9866326304659997
RNaseP-b_bacterial-S.pyogenes,1,0.022979250211445167,0.011825354523227388,0.011153895688217778,0.9365538322528955
RNaseP-b_bacterial-S.pyogenes,2,0.01647400866230315,0.02557760391198044,-0.009103595249677288,0.9365538322528955
RNaseP-b_bacterial-S.pyogenes,3,0.019699856677156985,0.020258239608801954,-0.0005583829316449691,0.9365538322528955
RNaseP-b_bacterial-S.pyogenes,4,0.0028564779213517974,0.0024052811735941334,0.000451196747757664,0.9365538322528955
RNaseP-yeast_nuclear-S.carlsbergensis,1,0.023762995371270468,0.02400715877437326,-0.00024416340310279283,0.9910667485932699
RNaseP-yeast_nuclear-S.carlsbergensis,2,0.015591244603146488,0.01594774373259053,-0.000356499129444042,0.9910667485932699
RNaseP-yeast_nuclear-S.carlsbergensis,3,0.019370787369539698,0.020021225626740944,-0.0006504382572012461,0.9910667485932699
RNaseP-yeast_nuclear-S.carlsbergensis,4,0.003495897749592851,0.0021163231197771576,0.0013795746298156933,0.9910667485932699
RNaseP-a_bacterial-C.jejuni,1,0.022670181247856323,0.014736729559748429,0.007933451688107895,0.9600540266940537
RNaseP-a_bacterial-C.jejuni,2,0.016685758214543933,0.02180805031446541,-0.005122292099921478,0.9600540266940537
RNaseP-a_bacterial-C.jejuni,3,0.019667032869208206,0.01845119496855346,0.001215837900654746,0.9600540266940537
RNaseP-a_bacterial-C.jejuni,4,0.0029452419679275367,0.006006415094339622,-0.0030611731264120856,0.9600540266940537
RNaseP-a_bacterial-X.fastidiosa,1,0.023825513204067963,0.025177075208913654,-0.0013515620048456904,0.9859187284853758
RNaseP-a_bacterial-X.fastidiosa,2,0.015510466710176963,0.015112089136490248,0.00039837757368671456,0.9859187284853758
RNaseP-a_bacterial-X.fastidiosa,3,0.019332184035119878,0.020104791086350972,-0.0007726070512310938,0.9859187284853758
RNaseP-a_bacterial-X.fastidiosa,4,0.003572806816421674,0.0018656267409470752,0.001707180075474599,0.9859187284853758
RNaseP-nuclear-P.mississippiensis,1,0.02310368562397477,0.026057241379310345,-0.0029535557553355754,0.9943401236376831
RNaseP-nuclear-P.mississippiensis,2,0.01610424771931386,0.012124827586206897,0.003979420133106964,0.9943401236376831
RNaseP-nuclear-P.mississippiensis,3,0.01937385131823554,0.017355517241379306,0.0020183340768562333,0.9943401236376831
RNaseP-nuclear-P.mississippiensis,4,0.003532009453765815,0.007573448275862069,-0.004041438822096254,0.9943401236376831
RNaseP-yeast_nuclear-S.bayanus,1,0.02353421990402845,0.019783658536585366,0.003750561367443086,0.8897668383793407
RNaseP-yeast_nuclear-S.bayanus,2,0.015859701812049827,0.019150243902439024,-0.0032905420903891966,0.8897668383793407
RNaseP-yeast_nuclear-S.bayanus,3,0.019479693610393357,0.0199409756097561,-0.00046128199936274275,0.8897668383793407
RNaseP-yeast_nuclear-S.bayanus,4,0.00328230566181854,0.0025570731707317057,0.0007252324910868345,0.8897668383793407
RNaseP-a_bacterial-M.bovis,1,0.024395905540286353,0.027624360189573458,-0.0032284546492871054,0.9820433804678819
RNaseP-a_bacterial-M.bovis,2,0.014976310143121067,0.014534028436018958,0.00044228170710210873,0.9820433804678819
RNaseP-a_bacterial-M.bovis,3,0.019221821053985594,0.021674597156398103,-0.0024527761024125093,0.9820433804678819
RNaseP-a_bacterial-M.bovis,4,0.0037674135616246373,-0.001583791469194312,0.005351205030818949,0.9820433804678819
RNaseP-a_bacterial-C.trachomatis,1,0.023131513381878,0.013127647058823532,0.010003866323054469,0.9690207392394092
RNaseP-a_bacterial-C.trachomatis,2,0.016325445240986475,0.024628823529411762,-0.008303378288425287,0.9690207392394092
RNaseP-a_bacterial-C.trachomatis,3,0.019663273985986645,0.020329117647058824,-0.0006658436610721789,0.9690207392394092
RNaseP-a_bacterial-C.trachomatis,4,0.0029233601337778185,0.0021726470588235318,0.0007507130749542868,0.9690207392394092
RNaseP-a_bacterial-S.marcescens,1,0.024049795506127517,0.02643777777777778,-0.0023879822716502616,0.983302477642203
RNaseP-a_bacterial-S.marcescens,2,0.015281043848690118,0.014564444444444446,0.0007165994042456717,0.983302477642203
RNaseP-a_bacterial-S.marcescens,3,0.019265671209863614,0.020615555555555557,-0.001349884345691943,0.983302477642203
RNaseP-a_bacterial-S.marcescens,4,0.003697799366019677,0.0007133333333333327,0.0029844660326863444,0.983302477642203
RNaseP-nuclear-S.cerevisiae,1,0.023471929543127417,0.019973360433604335,0.0034985691095230816,0.9816111509991096
RNaseP-nuclear-S.cerevisiae,2,0.015895596246197678,0.019014742547425474,-0.003119146301227796,0.9816111509991096
RNaseP-nuclear-S.cerevisiae,3,0.019464992025660988,0.019954525745257454,-0.0004895337195964661,0.9816111509991096
RNaseP-nuclear-S.cerevisiae,4,0.0033171502982509917,0.0025164227642276403,0.0008007275340233514,0.9816111509991096
RNaseP-a_bacterial-C.pneumoniae-AR39,1,0.02297103890841394,0.01092344827586207,0.01204759063255187,0.9921873185367124
RNaseP-a_bacterial-C.pneumoniae-AR39,2,0.016480206891322416,0.026166108374384236,-0.00968590148306182,0.9921873185367124
RNaseP-a_bacterial-C.pneumoniae-AR39,3,0.019699667208958816,0.020127389162561578,-0.0004277219536027617,0.9921873185367124
RNaseP-a_bacterial-C.pneumoniae-AR39,4,0.002857404954866096,0.0027378325123152704,0.0001195724425508255,0.9921873185367124
RNaseP-a_bacterial-C.hydrogenoformans,1,0.02370383943580318,0.02567422960725076,-0.0019703901714475808,0.9992156329170484
RNaseP-a_bacterial-C.hydrogenoformans,2,0.015607212994086378,0.014236978851963747,0.001370234142122631,0.9992156329170484
RNaseP-a_bacterial-C.hydrogenoformans,3,0.01933522112599823,0.019520302114803628,-0.00018508098880539933,0.9992156329170484
RNaseP-a_bacterial-C.hydrogenoformans,4,0.003574288643177703,0.0030590936555891226,0.0005151949875885804,0.9992156329170484
RNaseP-archaea-M.barkeri,1,0.023643386183575987,0.02198320754716981,0.001660178636406176,0.9812614792971286
RNaseP-archaea-M.barkeri,2,0.01572332165619333,0.017616280323450136,-0.0018929586672568055,0.9812614792971286
RNaseP-archaea-M.barkeri,3,0.01941785537491603,0.020142371967654987,-0.0007245165927389566,0.9812614792971286
RNaseP-archaea-M.barkeri,4,0.0034049234923647052,0.001992884097035039,0.001412039395329666,0.9812614792971286
RNaseP-archaea-A.fulgidus,1,0.023659969082415543,0.03398152838427947,-0.01032155930186393,0.9759036267208647
RNaseP-archaea-A.fulgidus,2,0.015459176471764136,0.006408908296943233,0.009050268174820904,0.9759036267208647
RNaseP-archaea-A.fulgidus,3,0.019118220330871575,0.017855109170305677,0.0012631111605658982,0.9759036267208647
RNaseP-archaea-A.fulgidus,4,0.004032120655758594,0.006014672489082971,-0.0019825518333243764,0.9759036267208647
telomerase-AF221912.98-564,1,0.02458344801028379,0.027606702355460387,-0.0030232543451765986,0.868530974086598
telomerase-AF221912.98-564,2,0.014865509357743814,0.015382355460385442,-0.0005168461026416275,0.868530974086598
telomerase-AF221912.98-564,3,0.019262828551418042,0.022669764453961457,-0.003406935902543415,0.868530974086598
telomerase-AF221912.98-564,4,0.0036693305850728983,-0.0036692933618843694,0.007338623946957268,0.868530974086598
telomerase-AF221921.98-548,1,0.024800904090708478,0.027877982261640795,-0.0030770781709323174,0.8983504289980973
telomerase-AF221921.98-548,2,0.014626155540964964,0.014891441241685144,-0.0002652857007201803,0.8983504289980973
telomerase-AF221921.98-548,3,0.019178173844112197,0.022334855875831484,-0.003156682031719288,0.8983504289980973
telomerase-AF221921.98-548,4,0.0038328029661706467,-0.0029845676274944566,0.006817370593665103,0.8983504289980973
telomerase-U85256.1-451,1,0.02474252053452927,0.028654035476718406,-0.003911514942189137,0.9700764791107169
telomerase-U85256.1-451,2,0.014626885775580762,0.014337117516629711,0.00028976825895105085,0.9700764791107169
telomerase-U85256.1-451,3,0.01912515199506561,0.02239028824833703,-0.0032651362532714195,0.9700764791107169
telomerase-U85256.1-451,4,0.003947744491989572,-0.0031508647450110864,0.007098609237000658,0.9700764791107169
telomerase-AF221917.99-542,1,0.024494708515567665,0.027716036036036038,-0.003221327520468373,0.9634426214377738
telomerase-AF221917.99-542,2,0.014880626387846535,0.01487711711711712,3.5092707294150788e-06,0.9634426214377738
telomerase-AF221917.99-542,3,0.0191989393229564,0.022168288288288287,-0.0029693489653318875,0.9634426214377738
telomerase-AF221917.99-542,4,0.003809016999248345,-0.0026248648648648657,0.0064338818641132105,0.9634426214377738
telomerase-AF221930.94-546,1,0.02473262066726306,0.02900381898454746,-0.0042711983172844005,0.996729115283708
telomerase-AF221930.94-546,2,0.014650492959191505,0.01412441501103753,0.0005260779481539753,0.996729115283708
telomerase-AF221930.94-546,3,0.01914416068266346,0.022459558498896245,-0.003315397816232784,0.996729115283708
telomerase-AF221930.94-546,4,0.0039085262674951205,-0.0033186754966887414,0.007227201764183862,0.996729115283708
telomerase-AF221916.94-481,1,0.02411306029496157,0.025937319587628863,-0.0018242592926672914,0.9843091438708012
telomerase-AF221916.94-481,2,0.015245146548323173,0.015107628865979385,0.00013751768234378757,0.9843091438708012
telomerase-AF221916.94-481,3,0.01928126884911907,0.02080123711340206,-0.0015199682642829879,0.9843091438708012
telomerase-AF221916.94-481,4,0.0036610130392689426,0.0003562886597938122,0.0033047243794751303,0.9843091438708012
telomerase-AF221935.112-602,1,0.02440323074709524,0.021756761710794298,0.0026464690363009434,0.9982455027133453
telomerase-AF221935.112-602,2,0.015069236722658717,0.020006598778004075,-0.0049373620553453575,0.9982455027133453
telomerase-AF221935.112-602,3,0.019339379858950227,0.022783340122199593,-0.003443960263249366,0.9982455027133453
telomerase-AF221935.112-602,4,0.0035204466991627338,-0.003530020366598778,0.007050467065761512,0.9982455027133453
telomerase-AF221929.92-517,1,0.024510042679622507,0.028722347417840376,-0.004212304738217869,0.9866138316770661
telomerase-AF221929.92-517,2,0.014840850290421924,0.013824037558685446,0.0010168127317364776,0.9866138316770661
telomerase-AF221929.92-517,3,0.019165668589000755,0.021841596244131456,-0.0026759276551307012,0.9866138316770661
telomerase-AF221929.92-517,4,0.0038777889147001915,-0.0020047887323943643,0.005882577647094556,0.9866138316770661
telomerase-AF221925.98-540,1,0.024786775650213925,0.03085221218961625,-0.006065436539402325,0.9926663659129237
telomerase-AF221925.98-540,2,0.014579501020806677,0.01261841986455982,0.0019610811562468574,0.9926663659129237
telomerase-AF221925.98-540,3,0.01910950566346696,0.022370158013544018,-0.003260652350077057,0.9926663659129237
telomerase-AF221925.98-540,4,0.0039776961475554715,-0.003250474040632053,0.0072281701881875245,0.9926663659129237
telomerase-AF221926.103-507,1,0.02395211280185973,0.02260308641975308,0.001349026382106648,0.9923950402822072
telomerase-AF221926.103-507,2,0.015447426786752675,0.01780493827160494,-0.002357511484852264,0.9923950402822072
telomerase-AF221926.103-507,3,0.01937388221669101,0.020939506172839507,-0.0015656239561484958,0.9923950402822072
telomerase-AF221926.103-507,4,0.0034772074293988645,0.0002814814814814789,0.0031957259479173856,0.9923950402822072
telomerase-AC121792.109554-109950,1,0.024454860933177305,0.02981544080604534,-0.0053605798728680355,0.937874697100699
telomerase-AC121792.109554-109950,2,0.014924747202818896,0.012504685138539043,0.002420062064279853,0.937874697100699
telomerase-AC121792.109554-109950,3,0.019214762526293887,0.021277531486146098,-0.002062768959852211,0.937874697100699
telomerase-AC121792.109554-109950,4,0.003778410126598158,-0.0008925944584382887,0.004671004585036447,0.937874697100699
telomerase-AF221914.112-589,1,0.024387147140533375,0.022835732217573224,0.0015514149229601502,0.9791762198041948
telomerase-AF221914.112-589,2,0.015035950998770687,0.018994476987447696,-0.003958525988677009,0.9791762198041948
telomerase-AF221914.112-589,3,0.0192848466282574,0.02257255230125523,-0.0032877056729978295,0.9791762198041948
telomerase-AF221914.112-589,4,0.003635828222006533,-0.0031576569037656873,0.006793485125772221,0.9791762198041948
telomerase-AY058901.1-397,1,0.024344737547343048,0.02875750629722922,-0.0044127687498861715,0.9908041195919258
telomerase-AY058901.1-397,2,0.014999821118718226,0.013260352644836274,0.001739468473881952,0.9908041195919258
telomerase-AY058901.1-397,3,0.019202621377557617,0.021201964735516374,-0.001999343357958757,0.9908041195919258
telomerase-AY058901.1-397,4,0.0038109721085183533,-0.0006658942065491196,0.004476866315067473,0.9908041195919258
telomerase-AF221918.97-547,1,0.024835701680646506,0.02943008869179601,-0.004594387011149503,0.9817825496210913
telomerase-AF221918.97-547,2,0.01455675419286154,0.01378279379157428,0.000773960401287261,0.9817825496210913
telomerase-AF221918.97-547,3,0.01912754693516245,0.02244572062084257,-0.003318173685680121,0.9817825496210913
telomerase-AF221918.97-547,4,0.003936711156553151,-0.0033171618625277154,0.007253873019080866,0.9817825496210913
telomerase-AY312571.605-1069,1,0.025320965712466576,0.03479193548387097,-0.009470969771404391,0.996537851508751
telomerase-AY312571.605-1069,2,0.01403775649066955,0.010212903225806454,0.0038248532648630963,0.996537851508751
telomerase-AY312571.605-1069,3,0.018956678011921302,0.023138709677419357,-0.004182031665498055,0.996537851508751
telomerase-AY312571.605-1069,4,0.00426367734839298,-0.0051161290322580665,0.009379806380651046,0.996537851508751
telomerase-AF221906.96-545,1,0.024726119588893192,0.028011111111111108,-0.0032849915222179157,0.964950260022549
telomerase-AF221906.96-545,2,0.014671582428291237,0.014777777777777782,-0.0001061953494865455,0.964950260022549
telomerase-AF221906.96-545,3,0.019163304823479412,0.022322222222222222,-0.0031589173987428103,0.964950260022549
telomerase-AF221906.96-545,4,0.003868804751485538,-0.0029666666666666687,0.0068354714181522065,0.964950260022549
telomerase-AF221908.136-584,1,0.024120918615818828,0.022532227171492204,0.0015886914443266238,0.8937877335166683
telomerase-AF221908.136-584,2,0.01532709981866696,0.018672694877505572,-0.0033455950588386126,0.8937877335166683
telomerase-AF221908.136-584,3,0.019386236198397206,0.021908730512249446,-0.0025224943138522395,0.8937877335166683
telomerase-AF221908.136-584,4,0.0034404132216949643,-0.0017461915367483287,0.0051866047584432935,0.8937877335166683
telomerase-AF221939.99-544,1,0.024499188416896904,0.027449596412556055,-0.002950407995659151,0.9677118009729097
telomerase-AF221939.99-544,2,0.014855973803951818,0.015104573991031392,-0.0002486001870795739,0.9677118009729097
telomerase-AF221939.99-544,3,0.019173681151078148,0.022193542600896864,-0.0030198614498187157,0.9677118009729097
telomerase-AF221939.99-544,4,0.003861688656326661,-0.002660627802690584,0.006522316459017245,0.9677118009729097
telomerase-AF221920.99-541,1,0.024653749682020106,0.02753392776523702,-0.002880178083216913,0.965724094953337
telomerase-AF221920.99-541,2,0.014782354400671435,0.014988623024830701,-0.0002062686241592667,0.965724094953337
telomerase-AF221920.99-541,3,0.019228576107280643,0.02213313769751693,-0.002904561590236287,0.965724094953337
telomerase-AF221920.99-541,4,0.0037366146342812196,-0.0025394130925507886,0.006276027726832008,0.965724094953337
telomerase-AF221927.113-556,1,0.02422094502623786,0.02393225225225225,0.00028869277398560836,0.9644343694989561
telomerase-AF221927.113-556,2,0.015164760602297505,0.017579819819819823,-0.0024150592175223185,0.9644343694989561
telomerase-AF221927.113-556,3,0.01928500997311273,0.021898018018018016,-0.0026130080449052843,0.9644343694989561
telomerase-AF221927.113-556,4,0.0036462084417805377,-0.0018140540540540547,0.005460262495834593,0.9644343694989561
telomerase-AF221910.112-554,1,0.024211251709542254,0.022161467268623024,0.0020497844409192306,0.9490057055620946
telomerase-AF221910.112-554,2,0.015233364008312638,0.018826094808126408,-0.0035927307998137696,0.9490057055620946
telomerase-AF221910.112-554,3,0.0193578586648733,0.021749390519187357,-0.002391531854314056,0.9490057055620946
telomerase-AF221910.112-554,4,0.003494086560133898,-0.0013881715575620758,0.004882258117695974,0.9490057055620946
telomerase-AF221931.99-541,1,0.02453023038478435,0.028165981941309256,-0.0036357515565249056,0.8905017037406232
telomerase-AF221931.99-541,2,0.014895901874726607,0.014537155756207672,0.0003587461185189343,0.8905017037406232
telomerase-AF221931.99-541,3,0.019249941821205735,0.022178284424379233,-0.0029283426031734977,0.8905017037406232
telomerase-AF221931.99-541,4,0.0036997845436147914,-0.0026748532731376965,0.0063746378167524875,0.8905017037406232
telomerase-AF221924.105-538,1,0.024976388891075476,0.03230258064516129,-0.007326191754085814,0.9772975869394253
telomerase-AF221924.105-538,2,0.014385158934109913,0.011415299539170509,0.002969859394939404,0.9772975869394253
telomerase-AF221924.105-538,3,0.019052817705508405,0.022274470046082948,-0.0032216523405745427,0.9772975869394253
telomerase-AF221924.105-538,4,0.004084324882574281,-0.0031434101382488474,0.007227735020823129,0.9772975869394253
telomerase-AF221934.121-565,1,0.024371236280971684,0.023492696629213484,0.0008785396517582006,0.8988975850636741
telomerase-AF221934.121-565,2,0.015082377904310147,0.017912359550561797,-0.00282998164625165,0.8988975850636741
telomerase-AF221934.121-565,3,0.019325514837574418,0.021888764044943818,-0.0025632492073693995,0.8988975850636741
telomerase-AF221934.121-565,4,0.003551582677281273,-0.0017662921348314598,0.005317874812112733,0.8988975850636741
telomerase-AF147806.247-692,1,0.025151505626416923,0.03247201793721973,-0.007320512310802808,0.9414170681030334
telomerase-AF147806.247-692,2,0.014251073327257053,0.01151713004484305,0.0027339432824140027,0.9414170681030334
telomerase-AF147806.247-692,3,0.019054592622268253,0.022552286995515695,-0.0034976943732474425,0.9414170681030334
telomerase-AF147806.247-692,4,0.004069305429023534,-0.003736860986547086,0.00780616641557062,0.9414170681030334
telomerase-AF221911.104-513,1,0.02469541807720945,0.03340731707317073,-0.008711898995961281,0.9498370741276346
telomerase-AF221911.104-513,2,0.014621010529115887,0.010180487804878048,0.004440522724237839,0.9498370741276346
telomerase-AF221911.104-513,3,0.01907466770213919,0.021821951219512192,-0.0027472835173730017,0.9498370741276346
telomerase-AF221911.104-513,4,0.0040566375227914075,-0.0022658536585365824,0.00632249118132799,0.9498370741276346
telomerase-AF221909.98-496,1,0.024193591909932075,0.02653877192982456,-0.0023451800198924858,0.9911961231544856
telomerase-AF221909.98-496,2,0.01515850006191135,0.01488230576441103,0.00027619429750031996,0.9911961231544856
telomerase-AF221909.98-496,3,0.01925229645221621,0.0210877694235589,-0.001835472971342688,0.9911961231544856
telomerase-AF221909.98-496,4,0.0037165660253574893,-0.00028330827067669364,0.003999874296034183,0.9911961231544856
telomerase-AF221936.98-540,1,0.024765910468416016,0.02753392776523702,-0.002768017296821003,0.802441817373078
telomerase-AF221936.98-540,2,0.014704766989009056,0.014988623024830701,-0.000283856035821645,0.802441817373078
telomerase-AF221936.98-540,3,0.019239601073125574,0.02213313769751693,-0.0028935366243913567,0.802441817373078
telomerase-AF221936.98-540,4,0.0037062615906453453,-0.0025394130925507886,0.006245674683196134,0.802441817373078
telomerase-AF221940.103-499,1,0.024019225648187696,0.024525768261964735,-0.0005065426137770383,0.9921102121667208
telomerase-AF221940.103-499,2,0.015357026441123571,0.01628302267002519,-0.0009259962289016183,0.9921102121667208
telomerase-AF221940.103-499,3,0.01932804750889751,0.020899697732997484,-0.0015716502240999755,0.9921102121667208
telomerase-AF221940.103-499,4,0.0035689826008156985,0.0002409068010075558,0.0033280757998081427,0.9921102121667208
telomerase-AF221923.106-554,1,0.02443276699841563,0.026117973273942097,-0.0016852062755264678,0.9731922683865277
telomerase-AF221923.106-554,2,0.01494021952322299,0.016111447661469932,-0.0011712281382469415,0.9731922683865277
telomerase-AF221923.106-554,3,0.019212815891611064,0.022164855233853007,-0.002952039342241943,0.9731922683865277
telomerase-AF221923.106-554,4,0.003783917195111275,-0.00251456570155902,0.006298482896670295,0.9731922683865277
telomerase-AF221928.95-476,1,0.024284804935206312,0.02935151832460733,-0.005066713389401019,0.9818692038782957
telomerase-AF221928.95-476,2,0.015040455271034488,0.012557486910994765,0.0024829683600397223,0.9818692038782957
telomerase-AF221928.95-476,3,0.019195747378731563,0.020912251308900523,-0.0017165039301689604,0.9818692038782957
telomerase-AF221928.95-476,4,0.0038292519520011616,-9.675392670157289e-05,0.0039260058787027345,0.9818692038782957
telomerase-AF221937.99-545,1,0.02460293835365321,0.027943467561521253,-0.003340529207868044,0.9203815672848212
telomerase-AF221937.99-545,2,0.014845691551045408,0.014770380313199109,7.531123784629973e-05,0.9203815672848212
telomerase-AF221937.99-545,3,0.019257190714234013,0.022250961968680087,-0.0029937712544460746,0.9203815672848212
telomerase-AF221937.99-545,4,0.003679894415080085,-0.0028128859060402678,0.006492780321120353,0.9203815672848212
telomerase-AF221932.102-549,1,0.024676987624050545,0.02859125,-0.003914262375949454,0.9956995633825613
telomerase-AF221932.102-549,2,0.014703405493893143,0.014326250000000004,0.00037715549389313874,0.9956995633825613
telomerase-AF221932.102-549,3,0.019155895126457705,0.022319375000000002,-0.003163479873542298,0.9956995633825613
telomerase-AF221932.102-549,4,0.0038875110171660643,-0.0029981250000000017,0.006885636017166066,0.9956995633825613
telomerase-AF221913.109-520,1,0.023524409886056724,0.016960388349514566,0.006564021536542158,0.915097249166211
telomerase-AF221913.109-520,2,0.01594915194173569,0.02196543689320388,-0.006016284951468189,0.915097249166211
telomerase-AF221913.109-520,3,0.019577290286891064,0.020691456310679607,-0.0011141660237885438,0.915097249166211
telomerase-AF221913.109-520,4,0.0030783003735473397,0.0011656310679611678,0.001912669305586172,0.915097249166211
